campaign,variant,repetition,metryka,wartość
kidney-architecture-predictive__cfg_529dc0e4494b,0000,0,effective_rank_total,2.473709178524389
kidney-architecture-predictive__cfg_529dc0e4494b,0000,0,effective_rank_between,1.2081931663096188
kidney-architecture-predictive__cfg_529dc0e4494b,0000,0,effective_rank_within,3.6350346848197113
kidney-architecture-predictive__cfg_529dc0e4494b,0000,0,between_share,0.7012081835407076
kidney-architecture-predictive__cfg_529dc0e4494b,0000,0,trace_total,6.506681627516698
kidney-architecture-predictive__cfg_529dc0e4494b,0000,0,trace_between,4.562538404908678
kidney-architecture-predictive__cfg_529dc0e4494b,0000,0,trace_within,1.9441432226080204
kidney-architecture-predictive__cfg_529dc0e4494b,0000,1,effective_rank_total,2.242378014902044
kidney-architecture-predictive__cfg_529dc0e4494b,0000,1,effective_rank_between,1.1549426909446106
kidney-architecture-predictive__cfg_529dc0e4494b,0000,1,effective_rank_within,3.4972981558690086
kidney-architecture-predictive__cfg_529dc0e4494b,0000,1,between_share,0.6712625271293986
kidney-architecture-predictive__cfg_529dc0e4494b,0000,1,trace_total,5.357222045366625
kidney-architecture-predictive__cfg_529dc0e4494b,0000,1,trace_between,3.596102408566127
kidney-architecture-predictive__cfg_529dc0e4494b,0000,1,trace_within,1.7611196368005009
kidney-architecture-predictive__cfg_529dc0e4494b,0000,2,effective_rank_total,2.6704560661872434
kidney-architecture-predictive__cfg_529dc0e4494b,0000,2,effective_rank_between,1.1842403409279412
kidney-architecture-predictive__cfg_529dc0e4494b,0000,2,effective_rank_within,3.7423794658310663
kidney-architecture-predictive__cfg_529dc0e4494b,0000,2,between_share,0.665356204603313
kidney-architecture-predictive__cfg_529dc0e4494b,0000,2,trace_total,5.541488296677441
kidney-architecture-predictive__cfg_529dc0e4494b,0000,2,trace_between,3.68706362093098
kidney-architecture-predictive__cfg_529dc0e4494b,0000,2,trace_within,1.8544246757464644
kidney-architecture-predictive__cfg_529dc0e4494b,0000,3,effective_rank_total,2.631269697850135
kidney-architecture-predictive__cfg_529dc0e4494b,0000,3,effective_rank_between,1.1910332786198965
kidney-architecture-predictive__cfg_529dc0e4494b,0000,3,effective_rank_within,3.555594604967664
kidney-architecture-predictive__cfg_529dc0e4494b,0000,3,between_share,0.6374506044043166
kidney-architecture-predictive__cfg_529dc0e4494b,0000,3,trace_total,5.7361630186328565
kidney-architecture-predictive__cfg_529dc0e4494b,0000,3,trace_between,3.656520583189203
kidney-architecture-predictive__cfg_529dc0e4494b,0000,3,trace_within,2.0796424354436542
kidney-architecture-predictive__cfg_529dc0e4494b,0000,4,effective_rank_total,2.4051615797734804
kidney-architecture-predictive__cfg_529dc0e4494b,0000,4,effective_rank_between,1.208182668708322
kidney-architecture-predictive__cfg_529dc0e4494b,0000,4,effective_rank_within,3.298790013174976
kidney-architecture-predictive__cfg_529dc0e4494b,0000,4,between_share,0.697602609650028
kidney-architecture-predictive__cfg_529dc0e4494b,0000,4,trace_total,5.296463671006979
kidney-architecture-predictive__cfg_529dc0e4494b,0000,4,trace_between,3.6948268788110354
kidney-architecture-predictive__cfg_529dc0e4494b,0000,4,trace_within,1.6016367921959427
kidney-architecture-predictive__cfg_529dc0e4494b,0004,0,effective_rank_total,2.2250659064011917
kidney-architecture-predictive__cfg_529dc0e4494b,0004,0,effective_rank_between,1.2192035963005734
kidney-architecture-predictive__cfg_529dc0e4494b,0004,0,effective_rank_within,3.057177477776641
kidney-architecture-predictive__cfg_529dc0e4494b,0004,0,between_share,0.6910554885450405
kidney-architecture-predictive__cfg_529dc0e4494b,0004,0,trace_total,0.33928551910026955
kidney-architecture-predictive__cfg_529dc0e4494b,0004,0,trace_between,0.23446512015809445
kidney-architecture-predictive__cfg_529dc0e4494b,0004,0,trace_within,0.10482039894217507
kidney-architecture-predictive__cfg_529dc0e4494b,0004,1,effective_rank_total,2.4110311077226414
kidney-architecture-predictive__cfg_529dc0e4494b,0004,1,effective_rank_between,1.191462119977562
kidney-architecture-predictive__cfg_529dc0e4494b,0004,1,effective_rank_within,3.2324061648112403
kidney-architecture-predictive__cfg_529dc0e4494b,0004,1,between_share,0.6290313204245478
kidney-architecture-predictive__cfg_529dc0e4494b,0004,1,trace_total,0.29155094599916936
kidney-architecture-predictive__cfg_529dc0e4494b,0004,1,trace_between,0.18339467653288355
kidney-architecture-predictive__cfg_529dc0e4494b,0004,1,trace_within,0.1081562694662868
kidney-architecture-predictive__cfg_529dc0e4494b,0004,2,effective_rank_total,2.3239107339408718
kidney-architecture-predictive__cfg_529dc0e4494b,0004,2,effective_rank_between,1.174499352562352
kidney-architecture-predictive__cfg_529dc0e4494b,0004,2,effective_rank_within,3.0327233240432068
kidney-architecture-predictive__cfg_529dc0e4494b,0004,2,between_share,0.6747414028727142
kidney-architecture-predictive__cfg_529dc0e4494b,0004,2,trace_total,0.33604233597541006
kidney-architecture-predictive__cfg_529dc0e4494b,0004,2,trace_between,0.22674167720067215
kidney-architecture-predictive__cfg_529dc0e4494b,0004,2,trace_within,0.10930065877473766
kidney-architecture-predictive__cfg_529dc0e4494b,0004,3,effective_rank_total,2.633299624249406
kidney-architecture-predictive__cfg_529dc0e4494b,0004,3,effective_rank_between,1.2737764849674569
kidney-architecture-predictive__cfg_529dc0e4494b,0004,3,effective_rank_within,2.777356361033233
kidney-architecture-predictive__cfg_529dc0e4494b,0004,3,between_share,0.5821514205496492
kidney-architecture-predictive__cfg_529dc0e4494b,0004,3,trace_total,0.3721182918021463
kidney-architecture-predictive__cfg_529dc0e4494b,0004,3,trace_between,0.21662919218512833
kidney-architecture-predictive__cfg_529dc0e4494b,0004,3,trace_within,0.15548909961701768
kidney-architecture-predictive__cfg_529dc0e4494b,0004,4,effective_rank_total,2.573204017878208
kidney-architecture-predictive__cfg_529dc0e4494b,0004,4,effective_rank_between,1.1942126676993448
kidney-architecture-predictive__cfg_529dc0e4494b,0004,4,effective_rank_within,2.934192500526507
kidney-architecture-predictive__cfg_529dc0e4494b,0004,4,between_share,0.6070248081969799
kidney-architecture-predictive__cfg_529dc0e4494b,0004,4,trace_total,0.26362480677552214
kidney-architecture-predictive__cfg_529dc0e4494b,0004,4,trace_between,0.1600267977688772
kidney-architecture-predictive__cfg_529dc0e4494b,0004,4,trace_within,0.10359800900664548
kidney-architecture-predictive__cfg_529dc0e4494b,0006,0,effective_rank_total,2.2669116028436496
kidney-architecture-predictive__cfg_529dc0e4494b,0006,0,effective_rank_between,1.2345233308620185
kidney-architecture-predictive__cfg_529dc0e4494b,0006,0,effective_rank_within,3.0683002557612755
kidney-architecture-predictive__cfg_529dc0e4494b,0006,0,between_share,0.6908787540637036
kidney-architecture-predictive__cfg_529dc0e4494b,0006,0,trace_total,0.27146547961153844
kidney-architecture-predictive__cfg_529dc0e4494b,0006,0,trace_between,0.1875497323253254
kidney-architecture-predictive__cfg_529dc0e4494b,0006,0,trace_within,0.0839157472862131
kidney-architecture-predictive__cfg_529dc0e4494b,0006,1,effective_rank_total,2.2568833803903994
kidney-architecture-predictive__cfg_529dc0e4494b,0006,1,effective_rank_between,1.1637683252774496
kidney-architecture-predictive__cfg_529dc0e4494b,0006,1,effective_rank_within,3.155019982573322
kidney-architecture-predictive__cfg_529dc0e4494b,0006,1,between_share,0.6502037977615115
kidney-architecture-predictive__cfg_529dc0e4494b,0006,1,trace_total,0.3026763946885765
kidney-architecture-predictive__cfg_529dc0e4494b,0006,1,trace_between,0.19680134131927463
kidney-architecture-predictive__cfg_529dc0e4494b,0006,1,trace_within,0.10587505336930146
kidney-architecture-predictive__cfg_529dc0e4494b,0006,2,effective_rank_total,2.353745140917977
kidney-architecture-predictive__cfg_529dc0e4494b,0006,2,effective_rank_between,1.1837795081079674
kidney-architecture-predictive__cfg_529dc0e4494b,0006,2,effective_rank_within,3.1383878690231155
kidney-architecture-predictive__cfg_529dc0e4494b,0006,2,between_share,0.6789371900366319
kidney-architecture-predictive__cfg_529dc0e4494b,0006,2,trace_total,0.35831797526594095
kidney-architecture-predictive__cfg_529dc0e4494b,0006,2,trace_between,0.2432753992666733
kidney-architecture-predictive__cfg_529dc0e4494b,0006,2,trace_within,0.11504257599926741
kidney-architecture-predictive__cfg_529dc0e4494b,0006,3,effective_rank_total,2.6688468479916483
kidney-architecture-predictive__cfg_529dc0e4494b,0006,3,effective_rank_between,1.2707670736765995
kidney-architecture-predictive__cfg_529dc0e4494b,0006,3,effective_rank_within,2.9595851883507422
kidney-architecture-predictive__cfg_529dc0e4494b,0006,3,between_share,0.5910838118603448
kidney-architecture-predictive__cfg_529dc0e4494b,0006,3,trace_total,0.37549651975244497
kidney-architecture-predictive__cfg_529dc0e4494b,0006,3,trace_between,0.22194991423556842
kidney-architecture-predictive__cfg_529dc0e4494b,0006,3,trace_within,0.1535466055168764
kidney-architecture-predictive__cfg_529dc0e4494b,0006,4,effective_rank_total,2.4657184876344416
kidney-architecture-predictive__cfg_529dc0e4494b,0006,4,effective_rank_between,1.184183075702558
kidney-architecture-predictive__cfg_529dc0e4494b,0006,4,effective_rank_within,2.9650747124898467
kidney-architecture-predictive__cfg_529dc0e4494b,0006,4,between_share,0.6245555974645908
kidney-architecture-predictive__cfg_529dc0e4494b,0006,4,trace_total,0.2683251570513566
kidney-architecture-predictive__cfg_529dc0e4494b,0006,4,trace_between,0.1675839787769902
kidney-architecture-predictive__cfg_529dc0e4494b,0006,4,trace_within,0.10074117827436616
kidney-nnpu-objective-controls__cfg_0df14edbfadf,0011,0,effective_rank_total,2.4704272790605106
kidney-nnpu-objective-controls__cfg_0df14edbfadf,0011,0,effective_rank_between,1.2083677441481901
kidney-nnpu-objective-controls__cfg_0df14edbfadf,0011,0,effective_rank_within,3.5372404505502626
kidney-nnpu-objective-controls__cfg_0df14edbfadf,0011,0,between_share,0.6785480910397926
kidney-nnpu-objective-controls__cfg_0df14edbfadf,0011,0,trace_total,5.90848018022672
kidney-nnpu-objective-controls__cfg_0df14edbfadf,0011,0,trace_between,4.00918794723929
kidney-nnpu-objective-controls__cfg_0df14edbfadf,0011,0,trace_within,1.8992922329874264
kidney-nnpu-objective-controls__cfg_0df14edbfadf,0011,1,effective_rank_total,2.284199515765027
kidney-nnpu-objective-controls__cfg_0df14edbfadf,0011,1,effective_rank_between,1.1417065822622272
kidney-nnpu-objective-controls__cfg_0df14edbfadf,0011,1,effective_rank_within,3.525295141319962
kidney-nnpu-objective-controls__cfg_0df14edbfadf,0011,1,between_share,0.6904335668996079
kidney-nnpu-objective-controls__cfg_0df14edbfadf,0011,1,trace_total,5.648415491637011
kidney-nnpu-objective-controls__cfg_0df14edbfadf,0011,1,trace_between,3.899855655221944
kidney-nnpu-objective-controls__cfg_0df14edbfadf,0011,1,trace_within,1.7485598364150678
kidney-nnpu-objective-controls__cfg_0df14edbfadf,0011,2,effective_rank_total,2.407806186174527
kidney-nnpu-objective-controls__cfg_0df14edbfadf,0011,2,effective_rank_between,1.1609974367577116
kidney-nnpu-objective-controls__cfg_0df14edbfadf,0011,2,effective_rank_within,3.631136354856499
kidney-nnpu-objective-controls__cfg_0df14edbfadf,0011,2,between_share,0.68580206124104
kidney-nnpu-objective-controls__cfg_0df14edbfadf,0011,2,trace_total,5.577419206848793
kidney-nnpu-objective-controls__cfg_0df14edbfadf,0011,2,trace_between,3.8250055884622687
kidney-nnpu-objective-controls__cfg_0df14edbfadf,0011,2,trace_within,1.7524136183865255
kidney-nnpu-objective-controls__cfg_0df14edbfadf,0011,3,effective_rank_total,2.5312730544109154
kidney-nnpu-objective-controls__cfg_0df14edbfadf,0011,3,effective_rank_between,1.1971359481826498
kidney-nnpu-objective-controls__cfg_0df14edbfadf,0011,3,effective_rank_within,3.4904448530191132
kidney-nnpu-objective-controls__cfg_0df14edbfadf,0011,3,between_share,0.6572780197539456
kidney-nnpu-objective-controls__cfg_0df14edbfadf,0011,3,trace_total,5.27466762530071
kidney-nnpu-objective-controls__cfg_0df14edbfadf,0011,3,trace_between,3.4669230916178972
kidney-nnpu-objective-controls__cfg_0df14edbfadf,0011,3,trace_within,1.8077445336828097
kidney-nnpu-objective-controls__cfg_0df14edbfadf,0011,4,effective_rank_total,2.526871670320739
kidney-nnpu-objective-controls__cfg_0df14edbfadf,0011,4,effective_rank_between,1.224154960024771
kidney-nnpu-objective-controls__cfg_0df14edbfadf,0011,4,effective_rank_within,3.2738523439146325
kidney-nnpu-objective-controls__cfg_0df14edbfadf,0011,4,between_share,0.6722071188354504
kidney-nnpu-objective-controls__cfg_0df14edbfadf,0011,4,trace_total,5.453691951314273
kidney-nnpu-objective-controls__cfg_0df14edbfadf,0011,4,trace_between,3.666010553609053
kidney-nnpu-objective-controls__cfg_0df14edbfadf,0011,4,trace_within,1.787681397705223
kidney-nnpu-objective-controls__cfg_0df14edbfadf,0012,0,effective_rank_total,2.6054303936363294
kidney-nnpu-objective-controls__cfg_0df14edbfadf,0012,0,effective_rank_between,1.2153211593090376
kidney-nnpu-objective-controls__cfg_0df14edbfadf,0012,0,effective_rank_within,3.604700823200251
kidney-nnpu-objective-controls__cfg_0df14edbfadf,0012,0,between_share,0.6791854284827938
kidney-nnpu-objective-controls__cfg_0df14edbfadf,0012,0,trace_total,6.52933215326545
kidney-nnpu-objective-controls__cfg_0df14edbfadf,0012,0,trace_between,4.434627256222078
kidney-nnpu-objective-controls__cfg_0df14edbfadf,0012,0,trace_within,2.094704897043378
kidney-nnpu-objective-controls__cfg_0df14edbfadf,0012,1,effective_rank_total,2.242576090389767
kidney-nnpu-objective-controls__cfg_0df14edbfadf,0012,1,effective_rank_between,1.1570807750233414
kidney-nnpu-objective-controls__cfg_0df14edbfadf,0012,1,effective_rank_within,3.4732278508876244
kidney-nnpu-objective-controls__cfg_0df14edbfadf,0012,1,between_share,0.6954329887046057
kidney-nnpu-objective-controls__cfg_0df14edbfadf,0012,1,trace_total,5.539934603227085
kidney-nnpu-objective-controls__cfg_0df14edbfadf,0012,1,trace_between,3.8526532783502754
kidney-nnpu-objective-controls__cfg_0df14edbfadf,0012,1,trace_within,1.687281324876808
kidney-nnpu-objective-controls__cfg_0df14edbfadf,0012,2,effective_rank_total,2.6023672110785023
kidney-nnpu-objective-controls__cfg_0df14edbfadf,0012,2,effective_rank_between,1.1899629618654954
kidney-nnpu-objective-controls__cfg_0df14edbfadf,0012,2,effective_rank_within,3.701701144567935
kidney-nnpu-objective-controls__cfg_0df14edbfadf,0012,2,between_share,0.6651420353619858
kidney-nnpu-objective-controls__cfg_0df14edbfadf,0012,2,trace_total,5.5634006433687135
kidney-nnpu-objective-controls__cfg_0df14edbfadf,0012,2,trace_between,3.7004516274644472
kidney-nnpu-objective-controls__cfg_0df14edbfadf,0012,2,trace_within,1.862949015904264
kidney-nnpu-objective-controls__cfg_0df14edbfadf,0012,3,effective_rank_total,2.472674172967324
kidney-nnpu-objective-controls__cfg_0df14edbfadf,0012,3,effective_rank_between,1.1863990830088507
kidney-nnpu-objective-controls__cfg_0df14edbfadf,0012,3,effective_rank_within,3.48036474718203
kidney-nnpu-objective-controls__cfg_0df14edbfadf,0012,3,between_share,0.666068493176827
kidney-nnpu-objective-controls__cfg_0df14edbfadf,0012,3,trace_total,5.381533684801237
kidney-nnpu-objective-controls__cfg_0df14edbfadf,0012,3,trace_between,3.5844700324158976
kidney-nnpu-objective-controls__cfg_0df14edbfadf,0012,3,trace_within,1.797063652385342
kidney-nnpu-objective-controls__cfg_0df14edbfadf,0012,4,effective_rank_total,2.3668330776983404
kidney-nnpu-objective-controls__cfg_0df14edbfadf,0012,4,effective_rank_between,1.1972804846068938
kidney-nnpu-objective-controls__cfg_0df14edbfadf,0012,4,effective_rank_within,3.2938006947626834
kidney-nnpu-objective-controls__cfg_0df14edbfadf,0012,4,between_share,0.6928993273374155
kidney-nnpu-objective-controls__cfg_0df14edbfadf,0012,4,trace_total,5.442720945334352
kidney-nnpu-objective-controls__cfg_0df14edbfadf,0012,4,trace_between,3.771257681907435
kidney-nnpu-objective-controls__cfg_0df14edbfadf,0012,4,trace_within,1.6714632634269175
kidney-architecture-predictive__cfg_529dc0e4494b,0000,0,effective_rank_single_dataset,1.5521702552196939
kidney-architecture-predictive__cfg_529dc0e4494b,0000,1,effective_rank_single_dataset,2.2705281289503274
kidney-architecture-predictive__cfg_529dc0e4494b,0000,2,effective_rank_single_dataset,1.7989881178166567
kidney-architecture-predictive__cfg_529dc0e4494b,0000,3,effective_rank_single_dataset,1.8770370092064586
kidney-architecture-predictive__cfg_529dc0e4494b,0000,4,effective_rank_single_dataset,1.5912845069292743
kidney-architecture-predictive__cfg_529dc0e4494b,0004,0,effective_rank_single_dataset,1.6035803332876726
kidney-architecture-predictive__cfg_529dc0e4494b,0004,1,effective_rank_single_dataset,1.7359483586901407
kidney-architecture-predictive__cfg_529dc0e4494b,0004,2,effective_rank_single_dataset,1.947004990507738
kidney-architecture-predictive__cfg_529dc0e4494b,0004,3,effective_rank_single_dataset,1.965554572561716
kidney-architecture-predictive__cfg_529dc0e4494b,0004,4,effective_rank_single_dataset,1.7928985301134768
kidney-architecture-predictive__cfg_529dc0e4494b,0006,0,effective_rank_single_dataset,1.761675743727395
kidney-architecture-predictive__cfg_529dc0e4494b,0006,1,effective_rank_single_dataset,1.6217627838530888
kidney-architecture-predictive__cfg_529dc0e4494b,0006,2,effective_rank_single_dataset,2.0283196339715794
kidney-architecture-predictive__cfg_529dc0e4494b,0006,3,effective_rank_single_dataset,2.0177632231634277
kidney-architecture-predictive__cfg_529dc0e4494b,0006,4,effective_rank_single_dataset,1.810447117296811
kidney-nnpu-objective-controls__cfg_0df14edbfadf,0011,0,effective_rank_single_dataset,1.6475904014500915
kidney-nnpu-objective-controls__cfg_0df14edbfadf,0011,1,effective_rank_single_dataset,1.750105517727589
kidney-nnpu-objective-controls__cfg_0df14edbfadf,0011,2,effective_rank_single_dataset,1.5557680533383647
kidney-nnpu-objective-controls__cfg_0df14edbfadf,0011,3,effective_rank_single_dataset,1.771768186245264
kidney-nnpu-objective-controls__cfg_0df14edbfadf,0011,4,effective_rank_single_dataset,1.5152009996878237
kidney-nnpu-objective-controls__cfg_0df14edbfadf,0012,0,effective_rank_single_dataset,1.5888639713909682
kidney-nnpu-objective-controls__cfg_0df14edbfadf,0012,1,effective_rank_single_dataset,1.9771626234626962
kidney-nnpu-objective-controls__cfg_0df14edbfadf,0012,2,effective_rank_single_dataset,1.7119450028156586
kidney-nnpu-objective-controls__cfg_0df14edbfadf,0012,3,effective_rank_single_dataset,1.70143323599916
kidney-nnpu-objective-controls__cfg_0df14edbfadf,0012,4,effective_rank_single_dataset,1.5576981659507425
