label,all_image_count,training_image_count
C10H10N2O3S|-H,2,2
C10H10O5|-H,1,1
C10H12N2O5|-H,1,1
C10H12N4O5|+Cl,2,2
C10H12N4O5|-H,1,1
C10H13N4O8P|-H,1,1
C10H13N5O4|+Cl,2,2
C10H13N5O5|+Cl,1,1
C10H14N4O5|-H,1,1
C10H14N5O7P|+Cl,4,4
C10H14N5O7P|-H,4,4
C10H14N5O8P|-H,1,1
C10H15N3O5|+Cl,1,1
C10H15N5O10P2|-H,1,1
C10H15N5O9P2|+Cl,1,1
C10H15NO2S|-H,1,1
C10H16N2O11P2|+Cl,1,1
C10H16N2O7|-H,3,3
C10H16N2O8|-H,2,2
C10H16N4O7S|-H,1,1
C10H16N5O13P3|-H,1,1
C10H17N3O6S|+Cl,3,3
C10H17N3O6S|-H,7,7
C10H17N3O6|-H,2,2
C10H17NO5|+Cl,1,1
C10H18O4|-H,1,1
C10H19O6P|-H,1,1
C10H20NO9P|-H,1,1
C10H20O7P2|[M]-,1,1
C10H7N3S|[M]-,1,1
C10H7NO2|+Cl,3,3
C10H7NO4|-H,2,2
C10H8N2O2|+Cl,10,10
C10H8N2O|+Cl,5,5
C10H8O3S|-H,3,3
C10H9Cl3O2|-H,1,1
C10H9NO2|+Cl,5,5
C10H9NO3|+Cl,1,1
C10H9NO4|-H,2,2
C11H12O5|-H,1,1
C11H16ClN5|+Cl,1,1
C11H17NO6S|-H,1,1
C11H18N2O3|-H,1,1
C11H18O2|+Cl,1,1
C11H19NO10|-H,2,2
C11H19NO8|+Cl,1,1
C11H20N2O6|+Cl,1,1
C11H20N4O11P2|-H,1,1
C11H20O4|-H,1,1
C11H20O7|-H,1,1
C11H21N3O5|+Cl,2,2
C11H21O12P|-H,1,1
C11H8O4|-H,1,1
C11H9F2NO3|-H,1,1
C12H10O4|-H,2,2
C12H10S2|-H,1,1
C12H14O4|-H,1,1
C12H16N6O4S|-H,5,5
C12H16O7|+Cl,2,2
C12H19N3O|-H,2,2
C12H21N7O3|[M]-,12,10
C12H22N3O7P|-H,1,1
C12H22O11|+Cl,8,8
C12H22O11|-H,1,1
C12H22O4|-H,1,1
C12H22O6|-H,1,1
C12H22O8|-H,1,1
C12H22O|+Cl,2,2
C12H24O3|-H,1,1
C12H26O4S|-H,1,1
C12H27O4P|+Cl,1,1
C12H8O4|-H,8,7
C12H9ClO|+Cl,1,1
C13H10N2|+Cl,3,3
C13H14O3S|-H,1,1
C13H18N2O|-H,2,2
C13H18N4O6|-H,1,1
C13H18O2|-H,1,1
C13H20N3O8S|-H,7,6
C13H21N2O4PS|-H,9,9
C13H21N3O3|-H,1,1
C13H25NO3|-H,1,1
C13H26O2|-H,1,1
C13H26O3|+Cl,1,1
C13H26|+Cl,2,2
C13H8F2O2|-H,1,1
C14H12O2|-H,1,1
C14H14N2O4|-H,1,1
C14H16O6|-H,1,1
C14H18O9S|+Cl,1,1
C14H19NO6|-H,2,2
C14H20N2O3S|+Cl,16,16
C14H20N2O3S|-H,11,11
C14H20N2O4S|+Cl,1,1
C14H20N2O4S|-H,3,3
C14H20O2|[M]-,1,1
C14H20O3|-H,1,1
C14H21ClN2O3S|-H,12,12
C14H21N3O3S|+Cl,1,1
C14H21N3O3S|-H,5,5
C14H22O2|-H,1,1
C14H24O2|-H,1,1
C14H26O2|-H,2,2
C14H26O3|-H,1,1
C14H26O4|-H,1,1
C14H27N3O2|[M]-,1,1
C14H27NO3|+Cl,3,3
C14H27NO3|-H,1,1
C14H27O8P|-H,2,2
C14H28O2|+Cl,1,1
C14H28O2|-H,2,2
C14H28O3|-H,1,1
C14H28O5S|-H,1,1
C14H29NaO4S|+Cl,13,13
C14H30N2O4|+Cl,1,1
C14H30O4S|-H,1,1
C14H30O8|-H,12,9
C15H14N4O|-H,1,1
C15H16O2|-H,1,1
C15H19ClN4O3|+Cl,1,1
C15H19N5O|[M]-,1,1
C15H19NO9|[M]-,1,1
C15H20O7|-H,1,1
C15H22O2|-H,2,2
C15H22O4|-H,1,1
C15H23N3O3|[M]-,1,1
C15H23N3O4|[M]-,1,1
C15H24N2O17P2|-H,1,1
C15H26O6|-H,1,1
C15H28O2|-H,1,1
C15H28O3|-H,1,1
C15H30O2|+Cl,1,1
C15H30O2|-H,1,1
C15H31O7P|-H,1,1
C16H11ClN2O3|-H,1,1
C16H11NO2|-H,1,1
C16H12ClF4N3O4|+Cl,1,1
C16H12O4|-H,1,1
C16H15N2O6P|+Cl,1,1
C16H20N2O5|+Cl,2,2
C16H20N2O7|-H,1,1
C16H22N2O7|-H,1,1
C16H22O4|+Cl,4,4
C16H22O7|-H,1,1
C16H24O2|-H,1,1
C16H26O2|-H,1,1
C16H26O3|-H,1,1
C16H28O2|-H,1,1
C16H28O6|-H,1,1
C16H30O2|+Cl,3,3
C16H30O2|-H,2,2
C16H30O3|+Cl,1,1
C16H30O3|-H,1,1
C16H31NO3|+Cl,1,1
C16H32O2|+Cl,11,11
C16H32O2|-H,6,6
C16H32O3|+Cl,2,2
C16H32O3|-H,1,1
C16H33NO|-H,1,1
C16H8N2O5|-H,1,1
C17H12O10S|[M]-,1,1
C17H14N2O3|-H,1,1
C17H14O3|-H,1,1
C17H16N2O4|-H,1,1
C17H17ClN4|+Cl,1,1
C17H18N2O6S|-H,1,1
C17H20N2O5S|-H,3,3
C17H22N2O2|-H,1,1
C17H24N2O4S|-H,12,12
C17H24N2O|+Cl,1,1
C17H24N4O2|-H,1,1
C17H26N2O4S|-H,9,9
C17H26O4|-H,1,1
C17H26O5|-H,1,1
C17H28O3S|-H,10,10
C17H28O5|-H,1,1
C17H30FN3O2|[M]-,1,1
C17H30O13|-H,1,1
C17H30O2|-H,1,1
C17H31NO5|-H,2,2
C17H32O2|-H,1,1
C17H32O4|-H,1,1
C17H33O2|[M]-,1,1
C17H34O2|+Cl,3,3
C17H34O2|-H,1,1
C17H34O4|-H,1,1
C18H12O4|[M]-,1,1
C18H13NO4|-H,6,6
C18H16O6|-H,3,3
C18H16O9|-H,2,2
C18H18O9|-H,1,1
C18H19NO|[M]-,1,1
C18H20N2O5|+Cl,1,1
C18H22N2O4|-H,1,1
C18H22N4O2|-H,1,1
C18H22O5S|-H,1,1
C18H23N3O2|-H,1,1
C18H25O5P|-H,1,1
C18H26O2|-H,1,1
C18H28O2|-H,1,1
C18H28O3S|-H,1,1
C18H30O2|-H,2,2
C18H30O3S|-H,11,11
C18H30O3S|[M]-,1,1
C18H30O3|-H,2,2
C18H30O4|-H,1,1
C18H30O5|-H,1,1
C18H32O16|+Cl,1,1
C18H32O2|+Cl,4,4
C18H32O2|-H,4,4
C18H32O3|-H,2,2
C18H32O4|-H,2,2
C18H32O6|-H,1,1
C18H33O13P|+Cl,1,1
C18H33O2|[M]-,1,1
C18H34O2|+Cl,10,10
C18H34O2|-H,5,5
C18H34O3|+Cl,2,2
C18H34O3|-H,1,1
C18H34O4|-H,2,2
C18H34O5|-H,1,1
C18H35IO2|[M]-,1,1
C18H36O2|+Cl,10,10
C18H36O2|-H,7,7
C18H36O3|+Cl,4,4
C18H36O3|-H,1,1
C18H40O4P2|-H,1,1
C19H14O3|-H,1,1
C19H18O4|-H,1,1
C19H20O12|-H,1,1
C19H20O4|-H,1,1
C19H20O5|-H,1,1
C19H20O8S|+Cl,1,1
C19H22O3|-H,1,1
C19H22O4|-H,18,15
C19H22O|-H,1,1
C19H24O4|+Cl,3,3
C19H26N2O2|-H,1,1
C19H26O4|+Cl,2,2
C19H26O9|-H,1,1
C19H28N4O2|-H,1,1
C19H31N5O2|-H,1,1
C19H34O12|-H,7,5
C19H34O4|-H,1,1
C19H36O4|-H,1,1
C19H38O2|-H,1,1
C19H38O4|+Cl,3,3
C19H39N5O7|-H,1,1
C20H13N3O2|-H,5,5
C20H13N3O|+Cl,4,4
C20H13N3O|-H,10,10
C20H14N4|+Cl,9,9
C20H14N4|-H,9,9
C20H15N3O2|+Cl,1,1
C20H15N3O2|-H,7,7
C20H18N2O|-H,1,1
C20H18O6|-H,1,1
C20H20O10|[M]-,1,1
C20H22ClFN6O2|-H,1,1
C20H22O3|-H,1,1
C20H22O8S|+Cl,1,1
C20H23NO2|[M]-,1,1
C20H23NO|[M]-,1,1
C20H24N4O5S|-H,1,1
C20H24N|-H,1,1
C20H24O3|-H,1,1
C20H24O3|[M]-,1,1
C20H25FN4O|-H,1,1
C20H26N4O2|-H,1,1
C20H26N4O|-H,1,1
C20H26O7|-H,1,1
C20H28O7|+Cl,2,2
C20H29ClO7|-H,3,3
C20H29FN2O3|-H,1,1
C20H29NO3|-H,1,1
C20H30N4O2|-H,1,1
C20H30O2|-H,2,2
C20H30O3|-H,1,1
C20H32O2|+Cl,2,2
C20H32O2|-H,4,4
C20H32O3|-H,1,1
C20H32O6|+Cl,1,1
C20H34O2|-H,3,3
C20H36O2|-H,2,2
C20H38O2|-H,3,3
C20H38O3|-H,1,1
C20H38O7S|-H,4,4
C20H39NO2S|-H,1,1
C20H40NO9P|-H,1,1
C20H40O13P2|+Cl,1,1
C20H40O2|+Cl,3,3
C20H40O2|-H,1,1
C20H8Br4O5|-H,1,1
C21H20O3|+Cl,6,6
C21H22N4O3|-H,1,1
C21H26O2|-H,1,1
C21H26O3|-H,1,1
C21H26O3|[M]-,1,1
C21H27NO3|[M]-,2,1
C21H28N2O2|-H,1,1
C21H28O2|-H,2,2
C21H35O7P|+Cl,3,3
C21H36O9|-H,1,1
C21H37O7P|+Cl,1,1
C21H38O4|+Cl,3,3
C21H38O4|-H,1,1
C21H38O6|-H,1,1
C21H39O7P|-H,1,1
C21H40O4|+Cl,2,2
C21H40O4|-H,1,1
C21H40O5|-H,1,1
C21H41O6P|-H,1,1
C21H42O2|-H,1,1
C21H43O7P|-H,1,1
C22H22O7|-H,1,1
C22H27NO2|[M]-,1,1
C22H27NO3|[M]-,1,1
C22H27NO|[M]-,1,1
C22H28N4O3|-H,1,1
C22H28NO3|-H,1,1
C22H28O3|-H,1,1
C22H30N4O2S2|+Cl,1,1
C22H30N4O|-H,1,1
C22H30O2|-H,1,1
C22H30O7|-H,1,1
C22H30O8|-H,1,1
C22H31O2|[M]-,1,1
C22H32O2|+Cl,1,1
C22H32O2|-H,4,4
C22H32O3|-H,2,2
C22H32O4|-H,2,2
C22H32O6|-H,1,1
C22H34O2|-H,3,3
C22H36O2|+Cl,2,2
C22H36O2|-H,3,3
C22H42O4|+Cl,1,1
C22H42O4|-H,1,1
C22H42O6|-H,1,1
C22H44O2|-H,1,1
C23H20N2O2S|-H,1,1
C23H25ClN2O9|-H,1,1
C23H26N4O3|-H,1,1
C23H27N3O7|+Cl,1,1
C23H28N4|-H,1,1
C23H30O12|-H,2,2
C23H32N6|-H,1,1
C23H34O4|-H,1,1
C23H35NO7S|+Cl,6,6
C23H35NO7S|-H,7,7
C23H38O4|+Cl,2,2
C23H38O5|-H,1,1
C23H44O4|-H,2,2
C23H46O2|-H,1,1
C23H48NO7P|-H,3,3
C24H28O5|-H,1,1
C24H30O5|-H,1,1
C24H30|-H,1,1
C24H31NO3|[M]-,1,1
C24H31NO4|-H,3,3
C24H31NO4|[M]-,1,1
C24H32O4S|-H,1,1
C24H34O2|-H,1,1
C24H34O4S|-H,2,2
C24H34O9|-H,1,1
C24H40O6|-H,1,1
C24H44O6|-H,1,1
C24H44O7|-H,2,2
C24H46O13P2|+Cl,1,1
C24H46O4|-H,1,1
C24H47NO10S|-H,1,1
C24H48O2|+Cl,3,3
C24H48O2|-H,1,1
C24H48O4|-H,1,1
C25H28N2O7S|-H,1,1
C25H30NO3|-H,1,1
C25H32O2|-H,1,1
C25H38O4|+Cl,1,1
C25H38O5|-H,2,2
C25H38O6|-H,2,2
C25H38O|-H,1,1
C25H44NO7P|-H,5,5
C25H48O4|-H,2,2
C25H50O2|-H,1,1
C25H50O4|-H,1,1
C26H26O9|-H,1,1
C26H31N3O9S|-H,1,1
C26H35NO4|[M]-,1,1
C26H36N2O4|-H,1,1
C26H38N4O4|-H,1,1
C26H40O6|-H,1,1
C26H43NO6|+Cl,3,3
C26H44NO8P|-H,3,3
C26H45NO7S|-H,4,4
C26H46NO7P|-H,1,1
C26H50O4|-H,1,1
C26H52O2|-H,1,1
C27H30Cl2O6|-H,1,1
C27H32N6|-H,1,1
C27H35N5O7S|+Cl,1,1
C27H36O2|-H,1,1
C27H44NO7P|-H,5,5
C27H44O3|-H,1,1
C27H46O4S|-H,2,2
C27H47O13P|+Cl,1,1
C27H48NO7P|-H,2,2
C27H48O13P2|+Cl,2,2
C27H52O4|-H,1,1
C27H53O12P|-H,2,2
C27H55O11P|+Cl,3,3
C28H39NO5|[M]-,1,1
C28H41N3O3|-H,1,1
C28H42N4O6|-H,1,1
C28H45O10P|+Cl,2,2
C28H47O10P|+Cl,1,1
C28H48N9O16P|+Cl,1,1
C28H48NO10P|+Cl,2,2
C28H54O4|-H,1,1
C28H55O9P|+Cl,1,1
C28H56O4|-H,1,1
C28H58O|+Cl,1,1
C29H34N2O2|-H,1,1
C29H35N3O8S|+Cl,1,1
C29H38N8O2|-H,1,1
C29H41NO7|-H,1,1
C29H48O13P2|+Cl,1,1
C29H49O12P|-H,1,1
C29H56O5|+Cl,1,1
C30H26O6|+Cl,1,1
C30H35N7O2|-H,1,1
C30H39N3O7|-H,3,3
C30H51O13P|+Cl,1,1
C30H59N2O6P|+Cl,1,1
C30H61O9P|+Cl,1,1
C31H52NO7P|+Cl,1,1
C31H54NO7P|+Cl,1,1
C31H55O12P|+Cl,1,1
C32H36N4O5|[M]-,1,1
C32H38ClN3O2|-H,1,1
C32H42O13|+Cl,1,1
C32H42O14|+Cl,1,1
C32H44O11|+Cl,2,2
C32H44O12|+Cl,1,1
C32H44O14|+Cl,1,1
C32H60NO10P|+Cl,1,1
C32H60O4|-H,2,2
C32H62O4|-H,2,2
C32H63N2O6P|+Cl,1,1
C32H64O4|-H,1,1
C33H25N3O3|+Cl,1,1
C33H34N4O6|+Cl,1,1
C33H42N4O6|+Cl,1,1
C34H32ClFeN4O4|-H,1,1
C34H32FeN4O4|+Cl,2,2
C34H32FeN4O4|-H,1,1
C34H56O16P2|+Cl,1,1
C34H64O4|-H,2,2
C34H65O9P|+Cl,1,1
C34H66O4|-H,2,2
C34H67N2O6P|+Cl,1,1
C34H67NO3|+Cl,2,2
C34H67O7P|-H,1,1
C34H68NO6P|-H,1,1
C35H49NO7|-H,1,1
C35H56O16P2|+Cl,1,1
C35H58O16P2|+Cl,3,3
C35H60O16P2|+Cl,2,2
C35H66O6|-H,1,1
C35H69O8P|+Cl,1,1
C35H69O8P|-H,1,1
C36H57O13P|+Cl,1,1
C36H62N4|-H,1,1
C36H64O4|-H,1,1
C36H66O4|-H,1,1
C36H68O4|-H,2,2
C36H70O4|-H,2,2
C36H71O7P|-H,1,1
C37H36N2O11|-H,1,1
C37H50O8|-H,1,1
C37H63O7P|+Cl,1,1
C37H68O5|+Cl,2,2
C37H68O6|-H,2,2
C37H69O7P|-H,2,2
C37H70O5|+Cl,2,2
C37H70O6|+Cl,1,1
C37H70O6|-H,2,2
C37H71O8P|-H,1,1
C38H40N2O9|+Cl,2,2
C38H66O4|-H,2,2
C38H67O8P|-H,1,1
C38H70O4|-H,2,2
C38H71NO13|-H,1,1
C38H75O10P|-H,3,3
C38H75O10P|[M]-,1,1
C38H75O7P|-H,1,1
C39H68O5|+Cl,2,2
C39H69O8P|-H,2,2
C39H70O5|+Cl,2,2
C39H70O6|-H,1,1
C39H71O8P|-H,1,1
C39H72O5|+Cl,2,2
C39H73O8P|-H,1,1
C39H74NO8P|-H,4,4
C39H74O6|+Cl,1,1
C39H74O6|-H,2,2
C39H75O13P|[M]-,1,1
C39H75O8P|-H,1,1
C39H76NO7P|-H,3,3
C39H76NO8P|-H,3,3
C39H78NO8P|-H,8,7
C3H8O10P2|+Cl,1,1
C3H8O10P2|-H,1,1
C40H62O4|-H,1,1
C40H70NO8P|[M]-,1,1
C40H73N2O7P|-H,5,4
C40H75O10P|[M]-,2,2
C40H76NO10P|-H,1,1
C40H77NO11S|-H,2,2
C40H77NO8|+Cl,2,2
C40H77O10P|-H,5,5
C40H78O5|+Cl,1,1
C40H79O10P|[M]-,1,1
C40H79O7P|-H,1,1
C40H79O8P|[M]-,1,1
C41H69O8P|-H,1,1
C41H71NO4|+Cl,1,1
C41H73NO9|-H,3,2
C41H73O8P|-H,10,7
C41H74NO7P|+Cl,2,2
C41H74NO7P|-H,4,4
C41H74NO8P|+Cl,2,2
C41H74NO8P|-H,6,6
C41H76NO7P|-H,2,2
C41H76NO8P|-H,4,4
C41H78NO8P|-H,8,8
C41H78O6|+Cl,1,1
C41H79O12P|[M]-,1,1
C41H79O13P|[M]-,1,1
C41H80NO8P|-H,4,4
C41H80O13P2|-H,1,1
C41H82O13P2|-H,1,1
C42H74NO10P|-H,4,4
C42H74NO8P|-H,1,1
C42H74NO9P|-H,1,1
C42H75O10P|-H,4,4
C42H77NO11S|-H,2,2
C42H78NO10P|-H,4,4
C42H79O10P|-H,2,2
C42H79O10P|[M]-,1,1
C42H80NO10P|-H,4,4
C42H80NO9P|-H,2,2
C42H81NO3|+Cl,2,2
C42H81NO3|-H,1,1
C42H81O10P|-H,2,2
C42H81O7P|[M]-,1,1
C42H82NO6P|-H,1,1
C42H83O7P|-H,1,1
C42H84NO9P|-H,5,4
C43H72NO8P|-H,1,1
C43H74N2O14|-H,1,1
C43H74NO7P|-H,3,3
C43H74NO8P|-H,5,5
C43H76NO7P|-H,4,4
C43H76NO8P|+Cl,2,2
C43H76NO8P|-H,5,5
C43H77NO9|-H,1,1
C43H77O8P|-H,1,1
C43H78NO7P|-H,5,5
C43H78NO8P|+Cl,2,2
C43H78NO8P|-H,8,8
C43H78NO8P|[M]-,1,1
C43H79O13P|-H,1,1
C43H79O13P|[M]-,1,1
C43H80NO7P|-H,2,2
C43H80NO8P|-H,1,1
C43H80O13P2|-H,1,1
C43H80O13P|-H,1,1
C43H80O13P|[M]-,1,1
C43H81O10P|[M]-,5,4
C43H81O13P|-H,1,1
C43H82NO10P|-H,1,1
C43H82O6|+Cl,1,1
C43H84NO10P|-H,1,1
C44H74NO10P|-H,4,4
C44H74NO8P|-H,1,1
C44H75O10P|-H,1,1
C44H75O8P|[M]-,9,6
C44H75O9P|-H,1,1
C44H76NO10P|-H,1,1
C44H76NO8P|-H,1,1
C44H77NO10P|-H,1,1
C44H77NO10P|[M]-,1,1
C44H77O10P|-H,1,1
C44H78NO10P|-H,8,8
C44H78NO8P|-H,1,1
C44H78NO9P|-H,1,1
C44H79O10P|-H,1,1
C44H79O7P|[M]-,1,1
C44H80NO10P|-H,3,3
C44H81O7P|-H,1,1
C44H84NO6P|-H,1,1
C44H85NO11S|-H,1,1
C44H85NO12S|-H,2,2
C44H86NO6P|-H,1,1
C44H88NO8P|[M]-,1,1
C44H89NO8P|-H,1,1
C45H74NO8P|-H,1,1
C45H76NO7P|-H,5,5
C45H76NO8P|-H,4,4
C45H78NO7P|-H,4,4
C45H78NO8P|-H,5,5
C45H79O12P|-H,1,1
C45H79O13P|-H,3,3
C45H80NO7P|-H,2,2
C45H80NO8P|-H,1,1
C45H81O12P|-H,1,1
C45H81O13P|-H,2,2
C45H82NO8P|-H,3,3
C45H83O13P|-H,2,2
C45H85N2O6P|-H,1,1
C46H75O10P|-H,3,3
C46H76NO10P|-H,2,2
C46H76NO8P|-H,1,1
C46H76O15|-H,1,1
C46H77O10P|-H,1,1
C46H78NO10P|-H,4,4
C46H78NO8P|-H,1,1
C46H79O10P|-H,1,1
C46H79O7P|[M]-,1,1
C46H79O8P|[M]-,1,1
C46H80NO10P|-H,4,4
C46H80NO7P|-H,1,1
C46H81NO10P|-H,1,1
C46H81O7P|[M]-,3,3
C46H82NO10P|-H,4,4
C46H83O12P|-H,1,1
C46H89NO11S|-H,1,1
C46H89NO12S|-H,2,2
C46H89NO8|+Cl,2,2
C46H91N2O6P|-H,1,1
C46H93N2O6P|-H,1,1
C47H79O12P|-H,7,4
C47H79O13P|-H,3,3
C47H81O13P|-H,2,2
C47H82NO10P|-H,2,2
C47H83NO10P|-H,1,1
C47H83O10P|-H,1,1
C47H83O13P|-H,8,8
C47H84NO9P|-H,1,1
C47H85O13P|-H,5,5
C47H87O13P|-H,1,1
C47H88NO8P|-H,1,1
C47H91O12P|[M]-,1,1
C47H93O12P|[M]-,1,1
C48H75O10P|-H,3,3
C48H76NO10P|[M]-,1,1
C48H77O10P|-H,1,1
C48H78NO10P|-H,1,1
C48H80NO10P|[M]-,1,1
C48H82NO10P|-H,1,1
C48H84NO10P|-H,1,1
C48H87O12P|-H,9,8
C48H91NO11S|-H,1,1
C48H93NO11S|-H,2,2
C48H93NO13|-H,1,1
C48H93O12P|[M]-,3,3
C49H80NO8P|-H,1,1
C49H82NO7P|-H,1,1
C49H85O10P|-H,2,2
C49H86NO10P|-H,1,1
C49H87NO10P|-H,1,1
C49H88NO10P|-H,1,1
C49H92NO8P|-H,1,1
C4H10NO4P|+Cl,1,1
C50H75O10P|-H,5,5
C50H76NO10P|[M]-,1,1
C50H78NO10P|-H,1,1
C50H80NO10P|[M]-,1,1
C50H82NO10P|-H,1,1
C50H88NO10P|-H,1,1
C50H89NO10P|-H,1,1
C50H89O10P|-H,1,1
C50H90NO10P|-H,1,1
C50H98N2O9|-H,1,1
C51H92NO9P|-H,1,1
C52H92NO8P|-H,2,2
C53H100O6|+Cl,2,2
C53H96O6|+Cl,2,2
C53H98O6|+Cl,2,2
C54H101O7P|-H,2,2
C54H82O4|+Cl,2,2
C54H99O7P|-H,2,2
C55H100O6|+Cl,2,2
C55H102O6|+Cl,2,2
C55H98O6|+Cl,2,2
C57H86O4|[M]-,1,1
C5H11O7P|-H,2,2
C5H13O7P|-H,4,4
C5H14NO6P|-H,3,3
C6H10CaO6|+Cl,1,1
C6H10MgO6|+Cl,1,1
C6H10MgO6|-H,1,1
C6H10N2O6S|+Cl,2,2
C6H10O6|+Cl,4,4
C6H12N2O4S2|-H,2,2
C6H12O6|+Cl,10,10
C6H13N3O3|+Cl,2,2
C6H13NO5|+Cl,1,1
C6H13O9P|-H,1,1
C6H14O6|+Cl,4,4
C6H2Cl4O2|-H,9,9
C6H6O6|+Cl,2,2
C6H8O6|+Cl,3,3
C6H8O7|+Cl,2,2
C7H12N2O5|-H,2,2
C7H13Cl2N2O3P|-H,1,1
C7H13O5PS|+Cl,1,1
C7H14O6|+Cl,2,2
C7H8N4O2|+Cl,13,12
C8H10O4S|-H,5,5
C8H14N2O5S|-H,2,2
C8H14N2O6|-H,1,1
C8H15NO6|+Cl,2,2
C8H16FN3O2|-H,1,1
C8H20NO6P|+Cl,3,3
C8H8N2O2S2|-H,1,1
C8H9NO4|+Cl,2,2
C9H10ClNO3|[M]-,1,1
C9H10NO3|+Cl,1,1
C9H12N2O6|+Cl,2,2
C9H12N2O6|-H,1,1
C9H13N2O8P|-H,1,1
C9H13N3O5|-H,2,2
C9H16N6O2|-H,1,1
C9H16O4|+Cl,2,2
C9H16O9|-H,1,1
C9H17NO4|-H,1,1
C9H17NO5|-H,1,1
C9H17NO8|+Cl,2,2
C9H18NO8P|-H,2,2
C9H18O9|-H,1,1
C9H19NO4|+Cl,1,1
CdCl2|+Cl,1,1
H4O7P2|+Cl,2,2
