pair,class_index,delta_ap_mean,delta_ap_std,prior,n_repetitions
bare,3.0,-0.05356538625826283,0.33786875807571315,1e-04,5
bare,6.0,-0.1051979457493748,0.2619162307123211,1e-04,5
bare,20.0,-0.14471122314895501,0.1885090121279276,1e-04,5
bare,23.0,-0.4054070689078812,0.1609255664809931,1e-04,5
bare,24.0,0.03560045441892914,0.07193921995248118,0.01318809,5
bare,25.0,-0.008826839082115217,0.016630619941261745,1e-04,5
bare,26.0,-0.01676555499704377,0.022302490705002672,1e-04,5
bare,36.0,-0.12922775932194316,0.19796696141515474,0.05896641,5
bare,42.0,-0.018192777255127815,0.10728847084417074,1e-04,5
bare,47.0,0.15251552556520193,0.18354242470512702,1e-04,5
bare,48.0,-0.06318469636947614,0.2107011416452499,1e-04,5
bare,52.0,-0.21924553250704318,0.26512128303606436,1e-04,5
bare,57.0,0.005495124789545003,0.012568658712689812,0.016540995,5
bare,63.0,-0.34876480211944016,0.3682087433020062,1e-04,5
bare,76.0,-0.09419976121669882,0.17145176695279146,1e-04,5
bare,78.0,-0.13055691305570613,0.19331985410785474,1e-04,5
bare,80.0,-0.36627593686798154,0.2888185584533583,1e-04,5
bare,82.0,0.03456373956085592,0.14317476962910153,0.36680773,5
bare,89.0,-0.016544535396220906,0.02641923913425305,1e-04,5
bare,94.0,-0.16925145353679544,0.15096220953851242,1e-04,5
bare,100.0,-0.02082403896893866,0.20847563046159515,1e-04,5
bare,103.0,-0.3356536984467976,0.3299722872011692,1e-04,5
bare,105.0,-0.05518543188884743,0.22718127786134706,0.03522785,5
bare,106.0,0.007720524555598357,0.08524390011258852,0.0060799327,5
bare,108.0,0.005820303890634156,0.03246493115590544,1e-04,5
bare,116.0,0.021380015099135185,0.27868735148927826,1e-04,5
bare,117.0,-0.19883739318786625,0.1255389387909082,1e-04,5
bare,118.0,-0.2622566090760875,0.05902023902065185,1e-04,5
bare,120.0,-0.07698756671799296,0.17273808213149677,1e-04,5
bare,123.0,-0.118440762510413,0.32378416191564496,1e-04,5
bare,124.0,-0.02239362964621472,0.11195775081987212,0.38741693,5
bare,125.0,-0.199931594781484,0.22064231721820712,1e-04,5
bare,126.0,-0.038052687535333085,0.22011516664746986,0.00089410786,5
bare,129.0,-0.09219290416755033,0.13873166401125753,1e-04,5
bare,130.0,-0.0018023314201189855,0.05483771341078887,0.41580486,5
bare,132.0,-0.0739357826355977,0.17780703412855384,1e-04,5
bare,135.0,-0.060730117246843365,0.05294139636155173,0.42067775,5
bare,139.0,0.009029519895570525,0.05833361479791978,1e-04,5
bare,141.0,0.009446246394595254,0.03166631961566806,1e-04,5
bare,142.0,0.04014487486955733,0.02879182549696072,0.46860188,5
bare,149.0,-0.12652782370479207,0.2371885792444768,1e-04,5
bare,150.0,-0.1425281458492081,0.18971865795407455,1e-04,5
bare,152.0,-0.03941168349642231,0.2898665405916766,1e-04,5
bare,155.0,0.07683584937914571,0.10209890678378772,1e-04,5
bare,162.0,-0.12847107027344853,0.1720274660215146,1e-04,5
bare,169.0,0.00043695073747933126,0.002441718504635039,1e-04,5
bare,171.0,0.1453636541305599,0.21575952399375362,1e-04,5
bare,173.0,-0.012333381546475609,0.1477596563544725,0.4016779,5
bare,175.0,0.11420860154387472,0.21553153096952646,0.30985308,5
bare,176.0,0.02783594728254819,0.23062440249262667,1e-04,5
bare,177.0,0.09108001428576824,0.3359340546061475,0.0035764314,5
bare,179.0,0.000736442135366927,0.0022678149851089935,0.00071528624,5
bare,185.0,-0.16593613157667292,0.18039360367063356,1e-04,5
bare,187.0,-0.19819080241081527,0.24249118527802016,0.00013411617,5
bare,188.0,0.08928469079947435,0.22531662976087044,1e-04,5
bare,191.0,0.038049250994263685,0.15849701267811203,1e-04,5
bare,196.0,-0.05138241827634492,0.2298575039509287,1e-04,5
bare,206.0,-0.17098880631052107,0.07349058554953947,1e-04,5
bare,213.0,0.03742135737602666,0.2633728864010204,1e-04,5
bare,214.0,0.025152757193930064,0.12233888025133612,0.3816052,5
bare,215.0,0.09489504909979019,0.3753707414114605,1e-04,5
bare,216.0,-0.02498224907405508,0.23045396515069308,1e-04,5
bare,217.0,0.011199594196413786,0.26742940024051604,1e-04,5
bare,218.0,0.023925737889104282,0.2386998520108278,0.25249606,5
bare,219.0,0.06249463782932324,0.19410624065351403,0.27596638,5
bare,223.0,-0.032388964218438863,0.2404054619161923,1e-04,5
bare,225.0,0.08324686550055792,0.2818357191799515,1e-04,5
bare,227.0,-0.09372151453262811,0.12493990716396441,1e-04,5
bare,234.0,-0.11804521479709909,0.2839611745679047,1e-04,5
bare,241.0,0.05950122632313304,0.38233013154410056,1e-04,5
bare,246.0,0.014457872205823697,0.2727247879896593,1e-04,5
bare,247.0,-0.03272298373947518,0.20864905549981866,1e-04,5
bare,248.0,0.03700931558027408,0.2148433078264381,1e-04,5
bare,249.0,-0.07142416673423709,0.16305794053264736,1e-04,5
bare,263.0,-0.014993205824478722,0.035094599227345334,0.10277769,5
bare,264.0,0.005327123482956891,0.009640094375448527,1e-04,5
bare,268.0,-0.04863237959384405,0.2847228724219221,1e-04,5
bare,281.0,-0.01837316198000524,0.020509368199597422,1e-04,5
bare,283.0,0.019808175905803707,0.11528923067507785,1e-04,5
bare,288.0,-0.02186428321027579,0.13801746501660303,1e-04,5
bare,289.0,0.11565348842743142,0.2861968196611036,1e-04,5
bare,293.0,-0.06074160147131431,0.14610932907392765,1e-04,5
bare,294.0,-0.12091524714325544,0.1407269188472617,1e-04,5
bare,297.0,0.19022098059953657,0.34401587347401513,1e-04,5
bare,302.0,-0.0011564850864065556,0.14834041796959874,1e-04,5
bare,303.0,-0.0543391546084962,0.10560020272193689,1e-04,5
bare,304.0,-0.0329266635658433,0.06399402754645152,1e-04,5
bare,305.0,0.015119168291451213,0.037139581838005455,1e-04,5
bare,306.0,0.09870586959929266,0.40904616456729437,1e-04,5
bare,307.0,0.10448073617726472,0.3869198661740944,1e-04,5
bare,308.0,0.1290015987368612,0.28423926159249246,1e-04,5
bare,311.0,0.0024659556472308884,0.23987674452227925,1e-04,5
bare,312.0,0.07096812724872807,0.21158819853501742,1e-04,5
bare,321.0,-0.03995368014898885,0.05364997138457256,1e-04,5
bare,326.0,-0.1888345709568646,0.12489712883735848,0.37284297,5
bare,329.0,-0.01326544938054186,0.06327842846418036,1e-04,5
bare,335.0,-0.038328648466918004,0.25997899933072277,0.31097072,5
bare,340.0,-0.3526065607773198,0.12108346099888882,0.42170596,5
bare,357.0,-0.06481888454712073,0.08186748450857066,0.023067983,5
bare,372.0,0.21454010564397308,0.2477021231473361,0.4616279,5
bare,387.0,-0.050804809370468926,0.12447388828005491,0.20600244,5
bare,394.0,0.1865064674098453,0.23161974814412042,0.4501386,5
bare,447.0,0.20684634115254114,0.12563360236117463,0.4626114,5
bare,461.0,0.011860419746206996,0.023019619083481532,0.16701934,5
bare,485.0,0.00016797364392549298,0.000374317589973719,1e-04,5
bare,490.0,0.08449818155094276,0.20600063214034467,0.036121957,5
bare,492.0,-0.016295404208628093,0.03746057992715453,1e-04,5
bare,493.0,0.010755974424775517,0.00843529830462401,0.312446,5
bare,496.0,-0.05771978345263677,0.24570580037656034,1e-04,5
bare,497.0,-0.16341603183791645,0.21020629355289194,1e-04,5
bare,502.0,-0.06089468459962455,0.07207097123547601,1e-04,5
bare,506.0,-0.1628208425793151,0.11096840366298838,1e-04,5
bare,507.0,-0.13493811699445724,0.19953381001117754,1e-04,5
with regularizers,3.0,0.09311430422681644,0.1566012467423138,1e-04,5
with regularizers,6.0,0.21890312674788723,0.30563039734340347,1e-04,5
with regularizers,20.0,0.16359585677794514,0.18559561178208198,1e-04,5
with regularizers,23.0,0.23897375929028936,0.21778837869943762,1e-04,5
with regularizers,24.0,0.02188988830500993,0.021359623217463413,0.01318809,5
with regularizers,25.0,0.009057617857169114,0.02170442289951422,1e-04,5
with regularizers,26.0,0.00273944414798022,0.0039834891647834965,1e-04,5
with regularizers,36.0,0.06252926321428241,0.03372696179796077,0.05896641,5
with regularizers,42.0,0.03146907517225085,0.0842076832626558,1e-04,5
with regularizers,47.0,0.08699987656191631,0.03593936299271256,1e-04,5
with regularizers,48.0,0.25755911589976804,0.23119396317268298,1e-04,5
with regularizers,52.0,0.1638180113341632,0.22455841153585082,1e-04,5
with regularizers,57.0,-0.002372726699444855,0.020178929006550904,0.016540995,5
with regularizers,63.0,0.18971469559549567,0.24275001934486085,1e-04,5
with regularizers,76.0,0.2295940183334173,0.31022494002167217,1e-04,5
with regularizers,78.0,0.11079474622754334,0.1434133960889424,1e-04,5
with regularizers,80.0,0.2776154316883337,0.2794585719733254,1e-04,5
with regularizers,82.0,0.005944234529208714,0.005908574768969077,0.36680773,5
with regularizers,89.0,0.00031626973660811,0.0007818829746830277,1e-04,5
with regularizers,94.0,0.16263312096051422,0.11891933377320328,1e-04,5
with regularizers,100.0,0.25146984314093335,0.18623956072101555,1e-04,5
with regularizers,103.0,0.340974761192867,0.34353371133274907,1e-04,5
with regularizers,105.0,-0.03831060325940662,0.051598766768619936,0.03522785,5
with regularizers,106.0,0.04508687051613004,0.060555998659677646,0.0060799327,5
with regularizers,108.0,0.005751006073188849,0.009564169962553682,1e-04,5
with regularizers,116.0,0.00880419067760127,0.05728458677229257,1e-04,5
with regularizers,117.0,0.18935963803998784,0.2154612925408691,1e-04,5
with regularizers,118.0,0.17014038530104178,0.159177323262504,1e-04,5
with regularizers,120.0,0.061762575089428104,0.10190722818479661,1e-04,5
with regularizers,123.0,0.1803855852473934,0.23122438100962367,1e-04,5
with regularizers,124.0,0.24332684765466714,0.13499626065634307,0.38741693,5
with regularizers,125.0,0.125049188188189,0.23910996006979338,1e-04,5
with regularizers,126.0,-0.42458098239825215,0.1801752876262135,0.00089410786,5
with regularizers,129.0,0.2050108692918191,0.265585470234865,1e-04,5
with regularizers,130.0,-0.014400534268856591,0.11309212580814042,0.41580486,5
with regularizers,132.0,0.262091385461601,0.22262474575480523,1e-04,5
with regularizers,135.0,0.1536554247957591,0.20566248230240664,0.42067775,5
with regularizers,139.0,0.006084026519078011,0.009101129895361071,1e-04,5
with regularizers,141.0,0.017426557909269367,0.010759252733211287,1e-04,5
with regularizers,142.0,-0.11993483943335433,0.08860247721128413,0.46860188,5
with regularizers,149.0,0.26976312028456945,0.19721401251854734,1e-04,5
with regularizers,150.0,0.15516223683907437,0.17831385975723363,1e-04,5
with regularizers,152.0,-0.0049596736924772565,0.08716333761081707,1e-04,5
with regularizers,155.0,0.07960967986447917,0.14851291073014738,1e-04,5
with regularizers,162.0,0.051132815679138285,0.07608995038379099,1e-04,5
with regularizers,169.0,0.00020101217877186903,0.0004038049922028349,1e-04,5
with regularizers,171.0,0.2592401569703723,0.28581727196212525,1e-04,5
with regularizers,173.0,0.27199100152398026,0.11641610703347587,0.4016779,5
with regularizers,175.0,0.012062718733523586,0.007778241597133741,0.30985308,5
with regularizers,176.0,0.1647679800613661,0.21307846835678898,1e-04,5
with regularizers,177.0,-0.007772100376852042,0.010662728707668857,0.0035764314,5
with regularizers,179.0,2.5502359014382297e-06,1.5619989677040746e-05,0.00071528624,5
with regularizers,185.0,0.13044228554266257,0.11434709601169261,1e-04,5
with regularizers,187.0,-0.2213251740465545,0.3193512806041127,0.00013411617,5
with regularizers,188.0,0.10725653066027963,0.19603754157592176,1e-04,5
with regularizers,191.0,0.37890314465912933,0.3910898282571809,1e-04,5
with regularizers,196.0,0.28819243181439314,0.31532812621089146,1e-04,5
with regularizers,206.0,0.04632823044819544,0.0871281223993037,1e-04,5
with regularizers,213.0,0.15155863310010476,0.24098599744450633,1e-04,5
with regularizers,214.0,0.20933021156945486,0.26194853058743284,0.3816052,5
with regularizers,215.0,0.06959655146201597,0.12113164963514446,1e-04,5
with regularizers,216.0,0.06175627529929837,0.1071270463148748,1e-04,5
with regularizers,217.0,0.19946848643697387,0.28821890732804956,1e-04,5
with regularizers,218.0,0.001822602945492302,0.006712767673570719,0.25249606,5
with regularizers,219.0,0.0042675309544009275,0.00666292852290132,0.27596638,5
with regularizers,223.0,0.020626114908628118,0.022666783524083706,1e-04,5
with regularizers,225.0,0.15166930694519346,0.29205636674341134,1e-04,5
with regularizers,227.0,0.013963806415344181,0.07674514928760898,1e-04,5
with regularizers,234.0,0.552089386476155,0.24674768083597043,1e-04,5
with regularizers,241.0,0.1292959493698153,0.2700053354418723,1e-04,5
with regularizers,246.0,0.16601289681732562,0.26102464389529767,1e-04,5
with regularizers,247.0,0.06035073381003109,0.07264665903373466,1e-04,5
with regularizers,248.0,0.2386046931013513,0.2308155268968316,1e-04,5
with regularizers,249.0,0.05973620429940476,0.09162944898634068,1e-04,5
with regularizers,263.0,-0.003014533514013129,0.008285475138602203,0.10277769,5
with regularizers,264.0,-0.07544287387180022,0.08823033467719162,1e-04,5
with regularizers,268.0,0.2398141385503653,0.17255519395629726,1e-04,5
with regularizers,281.0,0.015699250809634094,0.021238690014384328,1e-04,5
with regularizers,283.0,0.0008999772601792769,0.0011257415013986166,1e-04,5
with regularizers,288.0,0.17961586949582656,0.33334377561028666,1e-04,5
with regularizers,289.0,0.1444280843648174,0.2861749782535205,1e-04,5
with regularizers,293.0,0.26764416516835715,0.24444785271925853,1e-04,5
with regularizers,294.0,0.03198034941228402,0.11673684373704134,1e-04,5
with regularizers,297.0,0.014606534141691519,0.04262557636647779,1e-04,5
with regularizers,302.0,0.24002605547848735,0.16835587152630888,1e-04,5
with regularizers,303.0,0.026498935206147815,0.07298889225147226,1e-04,5
with regularizers,304.0,0.0025248869833716645,0.0024368005799508315,1e-04,5
with regularizers,305.0,0.006921021117857909,0.009151960822322681,1e-04,5
with regularizers,306.0,-0.02757651288908456,0.049887265682672315,1e-04,5
with regularizers,307.0,0.02077798517353901,0.07514668296352173,1e-04,5
with regularizers,308.0,0.15927980681587223,0.322708499280048,1e-04,5
with regularizers,311.0,0.09976796261456844,0.22217826515270533,1e-04,5
with regularizers,312.0,0.03472102276689878,0.045807275024497766,1e-04,5
with regularizers,321.0,0.11509048878696101,0.17003417187714076,1e-04,5
with regularizers,326.0,-0.03556545284745383,0.070156652988308,0.37284297,5
with regularizers,329.0,0.07584198620099074,0.16365585546062172,1e-04,5
with regularizers,335.0,0.0052267676541418225,0.005849836553943617,0.31097072,5
with regularizers,340.0,-0.04837372371293145,0.054252111116340554,0.42170596,5
with regularizers,357.0,0.027045251186715934,0.008572585558029745,0.023067983,5
with regularizers,372.0,0.4034299628981065,0.22619699426789552,0.4616279,5
with regularizers,387.0,-0.08740983794016914,0.045532123482052676,0.20600244,5
with regularizers,394.0,0.3160958342847179,0.19752748911772744,0.4501386,5
with regularizers,447.0,0.39246209480865246,0.20539364099903856,0.4626114,5
with regularizers,461.0,0.03429266760408767,0.035351950085076106,0.16701934,5
with regularizers,485.0,-0.002979965347234545,0.005165738528526877,1e-04,5
with regularizers,490.0,0.006061911261909603,0.019813594578370997,0.036121957,5
with regularizers,492.0,0.1219308320482209,0.18157850909616252,1e-04,5
with regularizers,493.0,0.0018105008279807766,0.005848445120924707,0.312446,5
with regularizers,496.0,0.09599007243345772,0.09242389687970468,1e-04,5
with regularizers,497.0,0.14287062307718115,0.11316841557042918,1e-04,5
with regularizers,502.0,0.15229692569038114,0.19826962420073907,1e-04,5
with regularizers,506.0,0.03102127881405939,0.0572372617286495,1e-04,5
with regularizers,507.0,0.22238492796858544,0.14913118461119454,1e-04,5
