variant,repetition,class_index,quintile,average_precision
0000,0,24.0,1,0.33257930259010515
0000,0,36.0,2,0.32702451938251076
0000,0,57.0,1,0.11612592369374214
0000,0,82.0,4,0.6314573744027325
0000,0,105.0,1,0.6243371464871258
0000,0,106.0,1,0.1997449486477117
0000,0,124.0,4,0.9554390163977038
0000,0,126.0,0,0.5243837828839926
0000,0,130.0,4,0.9725789846812899
0000,0,135.0,4,0.9999118471849153
0000,0,142.0,4,0.9753576630030646
0000,0,173.0,4,0.969449582146808
0000,0,175.0,3,0.536386234941276
0000,0,177.0,0,0.3671614017549903
0000,0,179.0,0,0.00045243205990044377
0000,0,187.0,0,0.44809014010044934
0000,0,214.0,4,0.971266732986214
0000,0,218.0,3,0.5634174618025809
0000,0,219.0,3,0.5104762114392736
0000,0,263.0,2,0.10687491749260097
0000,0,326.0,4,0.34408036997442437
0000,0,335.0,3,0.7222911842787514
0000,0,340.0,4,0.5585165755250897
0000,0,357.0,1,0.38217591845181964
0000,0,372.0,4,0.9499428428879733
0000,0,387.0,2,0.3608891640703954
0000,0,394.0,4,0.9440131185156533
0000,0,447.0,4,0.9136559298762196
0000,0,461.0,2,0.667085771122244
0000,0,490.0,1,0.9237543273084653
0000,0,493.0,3,0.690078012905637
0000,1,24.0,1,0.2856105381705929
0000,1,36.0,2,0.2767569117165454
0000,1,57.0,1,0.19063060007304272
0000,1,82.0,4,0.4539928710136866
0000,1,105.0,1,0.25929413156880976
0000,1,106.0,1,0.4262961160952088
0000,1,124.0,4,0.979302428553331
0000,1,126.0,0,0.787513358096045
0000,1,130.0,4,0.9757624258995132
0000,1,135.0,4,0.9816454928414342
0000,1,142.0,4,0.8094548433820814
0000,1,173.0,4,0.9658329498393358
0000,1,175.0,3,0.2667424186050757
0000,1,177.0,0,0.6545669063035794
0000,1,179.0,0,0.0008514722945895107
0000,1,187.0,0,0.008262265435112994
0000,1,214.0,4,0.9764487205162649
0000,1,218.0,3,0.25354373416832937
0000,1,219.0,3,0.22239475070966985
0000,1,263.0,2,0.11052103846769094
0000,1,326.0,4,0.3672094973344444
0000,1,335.0,3,0.3406879153375655
0000,1,340.0,4,0.5936805416891725
0000,1,357.0,1,0.39312701207386824
0000,1,372.0,4,0.762701222693237
0000,1,387.0,2,0.42495127583572934
0000,1,394.0,4,0.526934297514801
0000,1,447.0,4,0.8000642477714183
0000,1,461.0,2,0.6367973509010038
0000,1,490.0,1,0.6455575112695848
0000,1,493.0,3,0.6803383660014863
0000,2,24.0,1,0.3571733868484027
0000,2,36.0,2,0.4503153722048989
0000,2,57.0,1,0.11392189924948758
0000,2,82.0,4,0.3292799780059428
0000,2,105.0,1,0.1590483058473175
0000,2,106.0,1,0.48277940400846614
0000,2,124.0,4,0.854246280643355
0000,2,126.0,0,0.3290850008906405
0000,2,130.0,4,0.8974408512645083
0000,2,135.0,4,0.999858026917603
0000,2,142.0,4,0.9687364878473154
0000,2,173.0,4,0.8118811716300118
0000,2,175.0,3,0.21771593056803226
0000,2,177.0,0,0.2702755217763223
0000,2,179.0,0,0.00046309400993600313
0000,2,187.0,0,0.053180636275730074
0000,2,214.0,4,0.794161636995937
0000,2,218.0,3,0.21658760285748835
0000,2,219.0,3,0.20288556279067907
0000,2,263.0,2,0.08984718352621993
0000,2,326.0,4,0.3576137810979823
0000,2,335.0,3,0.22294630042218253
0000,2,340.0,4,0.45413695919102026
0000,2,357.0,1,0.37237564355446806
0000,2,372.0,4,0.415367098719815
0000,2,387.0,2,0.36967805683467947
0000,2,394.0,4,0.48516136739133137
0000,2,447.0,4,0.3901433436588718
0000,2,461.0,2,0.6395156478860143
0000,2,490.0,1,0.5603545402538735
0000,2,493.0,3,0.6805888193372425
0000,3,24.0,1,0.260995836663346
0000,3,36.0,2,0.41944587921712356
0000,3,57.0,1,0.0986885819129359
0000,3,82.0,4,0.39685512591215105
0000,3,105.0,1,0.3864925062808356
0000,3,106.0,1,0.19098777956551669
0000,3,124.0,4,0.7624064092222371
0000,3,126.0,0,0.3272487619831791
0000,3,130.0,4,0.971130995411924
0000,3,135.0,4,1.0
0000,3,142.0,4,0.7400072296162244
0000,3,173.0,4,0.7304999421866862
0000,3,175.0,3,0.2806527373422165
0000,3,177.0,0,0.2693632818536202
0000,3,179.0,0,0.0004422969093458127
0000,3,187.0,0,0.5058108553269001
0000,3,214.0,4,0.9595074221248465
0000,3,218.0,3,0.2819724896137784
0000,3,219.0,3,0.2536095168920657
0000,3,263.0,2,0.2262613863573574
0000,3,326.0,4,0.20216284580510413
0000,3,335.0,3,0.30910622088052864
0000,3,340.0,4,0.5716422149500578
0000,3,357.0,1,0.28181612026336444
0000,3,372.0,4,0.39508417779118427
0000,3,387.0,2,0.35247484315157257
0000,3,394.0,4,0.48031168527678025
0000,3,447.0,4,0.5225328976488384
0000,3,461.0,2,0.40557407016032476
0000,3,490.0,1,0.9389839125524286
0000,3,493.0,3,0.7126125897849139
0000,4,24.0,1,0.3278485053933756
0000,4,36.0,2,0.2883215129338556
0000,4,57.0,1,0.1030013877749101
0000,4,82.0,4,0.41459592619610897
0000,4,105.0,1,0.5124244400497376
0000,4,106.0,1,0.3150247597986512
0000,4,124.0,4,0.9462608873339953
0000,4,126.0,0,0.5773415564007843
0000,4,130.0,4,0.9596190781773808
0000,4,135.0,4,0.9998489858751167
0000,4,142.0,4,0.9370901591531343
0000,4,173.0,4,0.9612175500621635
0000,4,175.0,3,0.3022648422551599
0000,4,177.0,0,0.4548182889702628
0000,4,179.0,0,0.00043266703508511816
0000,4,187.0,0,0.4012367082755432
0000,4,214.0,4,0.9628774845608234
0000,4,218.0,3,0.3179478846573266
0000,4,219.0,3,0.2982880034176223
0000,4,263.0,2,0.0888941404765912
0000,4,326.0,4,0.2652369561088671
0000,4,335.0,3,0.3969519148196744
0000,4,340.0,4,0.420817077238294
0000,4,357.0,1,0.4093769595136919
0000,4,372.0,4,0.8863670707046081
0000,4,387.0,2,0.3053403788971902
0000,4,394.0,4,0.879830301043169
0000,4,447.0,4,0.8452564616223734
0000,4,461.0,2,0.7202684283103941
0000,4,490.0,1,0.8939759927368699
0000,4,493.0,3,0.6989403404373137
0004,0,24.0,1,0.20969722812949626
0004,0,36.0,2,0.5814001494064543
0004,0,57.0,1,0.19814905370880134
0004,0,82.0,4,0.33434403912560645
0004,0,105.0,1,0.41749386215075346
0004,0,106.0,1,0.31194058179055406
0004,0,124.0,4,0.49469565925475156
0004,0,126.0,0,0.336851882479324
0004,0,130.0,4,0.8676744535387064
0004,0,135.0,4,0.9743514871621259
0004,0,142.0,4,0.9661559155083674
0004,0,173.0,4,0.8119670176948282
0004,0,175.0,3,0.24331296029261437
0004,0,177.0,0,0.25652414115699956
0004,0,179.0,0,0.0003983685164610257
0004,0,187.0,0,0.7503228931223765
0004,0,214.0,4,0.9745423269307922
0004,0,218.0,3,0.24368458011046523
0004,0,219.0,3,0.2363946595842905
0004,0,263.0,2,0.1344735521556883
0004,0,326.0,4,0.24726462910807162
0004,0,335.0,3,0.24279456470945068
0004,0,340.0,4,0.40111523271177885
0004,0,357.0,1,0.48503104711877887
0004,0,372.0,4,0.3159019390423089
0004,0,387.0,2,0.6858323225642963
0004,0,394.0,4,0.33576664781578053
0004,0,447.0,4,0.3921576948301587
0004,0,461.0,2,0.5902092430083175
0004,0,490.0,1,0.7702680092078225
0004,0,493.0,3,0.6945362116648263
0004,1,24.0,1,0.12770639143676216
0004,1,36.0,2,0.5797040797181909
0004,1,57.0,1,0.18661733785088272
0004,1,82.0,4,0.3399382838530532
0004,1,105.0,1,0.4668077763784872
0004,1,106.0,1,0.31095279365191136
0004,1,124.0,4,0.4013535266689202
0004,1,126.0,0,0.5966713203708972
0004,1,130.0,4,0.7193488323124304
0004,1,135.0,4,0.6794449777642544
0004,1,142.0,4,0.9571782101019127
0004,1,173.0,4,0.49039153042498174
0004,1,175.0,3,0.2519997247633434
0004,1,177.0,0,0.4215800650644517
0004,1,179.0,0,0.0004037080109639856
0004,1,187.0,0,0.41475084607305407
0004,1,214.0,4,0.7736144091209431
0004,1,218.0,3,0.25228867555770107
0004,1,219.0,3,0.24516185139582838
0004,1,263.0,2,0.1035350950599219
0004,1,326.0,4,0.26051951373534654
0004,1,335.0,3,0.2517320706353399
0004,1,340.0,4,0.3124363493335347
0004,1,357.0,1,0.4567217201646049
0004,1,372.0,4,0.2735374062470424
0004,1,387.0,2,0.5380102569662548
0004,1,394.0,4,0.29028197069439565
0004,1,447.0,4,0.29551756353457054
0004,1,461.0,2,0.6054414971025333
0004,1,490.0,1,0.7658940030370549
0004,1,493.0,3,0.7500058098852544
0004,2,24.0,1,0.2717264552368632
0004,2,36.0,2,0.6606846534689882
0004,2,57.0,1,0.206555484387076
0004,2,82.0,4,0.338961890233758
0004,2,105.0,1,0.5825178063940722
0004,2,106.0,1,0.3107351634725233
0004,2,124.0,4,0.3788780674101962
0004,2,126.0,0,0.8038701771228723
0004,2,130.0,4,0.9784191234333429
0004,2,135.0,4,0.9230266766819373
0004,2,142.0,4,0.9701996882890092
0004,2,173.0,4,0.5072200326361348
0004,2,175.0,3,0.23933629404508996
0004,2,177.0,0,0.33956097163396903
0004,2,179.0,0,0.0004682514879806782
0004,2,187.0,0,0.39803317667343363
0004,2,214.0,4,0.9522896468430896
0004,2,218.0,3,0.24206146165338074
0004,2,219.0,3,0.23464644430932846
0004,2,263.0,2,0.11678886368300927
0004,2,326.0,4,0.20606380032895236
0004,2,335.0,3,0.24170468733532324
0004,2,340.0,4,0.2493468500146529
0004,2,357.0,1,0.5687145689818042
0004,2,372.0,4,0.2973464515433805
0004,2,387.0,2,0.7058830147378397
0004,2,394.0,4,0.31737136834496626
0004,2,447.0,4,0.3227994179485813
0004,2,461.0,2,0.5658949142408498
0004,2,490.0,1,0.9346513912570106
0004,2,493.0,3,0.6850713076151782
0004,3,24.0,1,0.14801690423063454
0004,3,36.0,2,0.4879914408042452
0004,3,57.0,1,0.20930521201489827
0004,3,82.0,4,0.3556943829929965
0004,3,105.0,1,0.5979208539558174
0004,3,106.0,1,0.3078886356780407
0004,3,124.0,4,0.7684511244165064
0004,3,126.0,0,0.4177836347238654
0004,3,130.0,4,0.8067884877575572
0004,3,135.0,4,0.8856703109682087
0004,3,142.0,4,0.8931336550192762
0004,3,173.0,4,0.8881604920888739
0004,3,175.0,3,0.2658738295524065
0004,3,177.0,0,0.3255741946204005
0004,3,179.0,0,0.0004176594898038451
0004,3,187.0,0,0.47952253855278765
0004,3,214.0,4,0.9851137095801176
0004,3,218.0,3,0.26452704196641996
0004,3,219.0,3,0.2604646299463882
0004,3,263.0,2,0.11064476407418936
0004,3,326.0,4,0.36343604115082445
0004,3,335.0,3,0.26841198222410856
0004,3,340.0,4,0.32750687106512527
0004,3,357.0,1,0.5045773175272655
0004,3,372.0,4,0.3287604248398982
0004,3,387.0,2,0.6344977506262047
0004,3,394.0,4,0.3484014744379706
0004,3,447.0,4,0.3594943576717772
0004,3,461.0,2,0.5656453483871483
0004,3,490.0,1,0.9594980500306255
0004,3,493.0,3,0.6669738142481543
0004,4,24.0,1,0.18568067841964003
0004,4,36.0,2,0.6413707911545898
0004,4,57.0,1,0.15173794139393415
0004,4,82.0,4,0.3288168642113517
0004,4,105.0,1,0.5077284477930396
0004,4,106.0,1,0.37604228717221416
0004,4,124.0,4,0.3620757850169467
0004,4,126.0,0,0.34509624723371674
0004,4,130.0,4,0.7139943404981314
0004,4,135.0,4,0.6807672549389242
0004,4,142.0,4,0.9698252655637859
0004,4,173.0,4,0.4023583530138267
0004,4,175.0,3,0.24287183764532871
0004,4,177.0,0,0.2616264893277079
0004,4,179.0,0,0.00040077667884404054
0004,4,187.0,0,0.011050977452419005
0004,4,214.0,4,0.7831845715812157
0004,4,218.0,3,0.241227639963472
0004,4,219.0,3,0.23275591106038682
0004,4,263.0,2,0.10454765096748081
0004,4,326.0,4,0.30774415683908707
0004,4,335.0,3,0.2397520116982367
0004,4,340.0,4,0.2482714820452473
0004,4,357.0,1,0.5382869021296136
0004,4,372.0,4,0.2562124360875193
0004,4,387.0,2,0.6005558042253368
0004,4,394.0,4,0.28787196235221435
0004,4,447.0,4,0.2954630593826729
0004,4,461.0,2,0.6441539258786093
0004,4,490.0,1,0.9169158508772861
0004,4,493.0,3,0.6894672097276018
0005,0,24.0,1,0.18643632503922328
0005,0,36.0,2,0.5763407932429112
0005,0,57.0,1,0.1996407179527388
0005,0,82.0,4,0.3398602940823058
0005,0,105.0,1,0.4202072034164681
0005,0,106.0,1,0.29105066586533723
0005,0,124.0,4,0.3872208198393812
0005,0,126.0,0,0.34037141175130653
0005,0,130.0,4,0.8880387063894079
0005,0,135.0,4,0.9647605812956072
0005,0,142.0,4,0.9714640663847383
0005,0,173.0,4,0.6136463609035948
0005,0,175.0,3,0.2376817389905674
0005,0,177.0,0,0.25922499456798553
0005,0,179.0,0,0.0004147349992644735
0005,0,187.0,0,0.6877929115407148
0005,0,214.0,4,0.9341422932608866
0005,0,218.0,3,0.23794259211476057
0005,0,219.0,3,0.23077355030609462
0005,0,263.0,2,0.1150941324815671
0005,0,326.0,4,0.235370999152708
0005,0,335.0,3,0.23814799621870028
0005,0,340.0,4,0.38192544790343974
0005,0,357.0,1,0.48896187266571955
0005,0,372.0,4,0.275710002483754
0005,0,387.0,2,0.7260080944064204
0005,0,394.0,4,0.305628137236252
0005,0,447.0,4,0.34252516466812033
0005,0,461.0,2,0.5746489987360925
0005,0,490.0,1,0.7722610654148403
0005,0,493.0,3,0.6982327402041084
0005,1,24.0,1,0.13168825018920563
0005,1,36.0,2,0.5719973958219089
0005,1,57.0,1,0.1843632521584115
0005,1,82.0,4,0.34534285147136257
0005,1,105.0,1,0.4107941696352406
0005,1,106.0,1,0.358257288047071
0005,1,124.0,4,0.506797224787346
0005,1,126.0,0,0.49123491483428566
0005,1,130.0,4,0.7767538845838428
0005,1,135.0,4,0.83683825368098
0005,1,142.0,4,0.9755271815612828
0005,1,173.0,4,0.6787196482704501
0005,1,175.0,3,0.2538906390251878
0005,1,177.0,0,0.3730960639759974
0005,1,179.0,0,0.0004086573848926687
0005,1,187.0,0,0.3961114974501622
0005,1,214.0,4,0.8805157742181489
0005,1,218.0,3,0.2538232797639619
0005,1,219.0,3,0.24720403631704857
0005,1,263.0,2,0.10713121764456109
0005,1,326.0,4,0.25306955097888306
0005,1,335.0,3,0.2538779675667321
0005,1,340.0,4,0.24571918010726754
0005,1,357.0,1,0.47089434736083946
0005,1,372.0,4,0.2688265637204788
0005,1,387.0,2,0.6142422461723762
0005,1,394.0,4,0.28583224266774676
0005,1,447.0,4,0.29170890998779975
0005,1,461.0,2,0.5847011739916311
0005,1,490.0,1,0.7583978127758566
0005,1,493.0,3,0.6962623005738034
0005,2,24.0,1,0.30895437065560755
0005,2,36.0,2,0.6414226406116511
0005,2,57.0,1,0.19979772873941692
0005,2,82.0,4,0.3364075821773725
0005,2,105.0,1,0.5934937469506805
0005,2,106.0,1,0.3279103519813519
0005,2,124.0,4,0.7494865683982863
0005,2,126.0,0,0.7038256628650317
0005,2,130.0,4,0.9774784733895057
0005,2,135.0,4,0.9999228599287592
0005,2,142.0,4,0.9675578935052606
0005,2,173.0,4,0.8953942025932069
0005,2,175.0,3,0.23885583714055364
0005,2,177.0,0,0.33534442364451444
0005,2,179.0,0,0.00043332936972256364
0005,2,187.0,0,0.1740186090736213
0005,2,214.0,4,0.9719305981315256
0005,2,218.0,3,0.24145334535998947
0005,2,219.0,3,0.23348222063218083
0005,2,263.0,2,0.10764761500714473
0005,2,326.0,4,0.26303050522312
0005,2,335.0,3,0.24279280251611446
0005,2,340.0,4,0.33911774406955675
0005,2,357.0,1,0.5411393861223217
0005,2,372.0,4,0.31895787832837497
0005,2,387.0,2,0.6821022513647484
0005,2,394.0,4,0.3311531160977206
0005,2,447.0,4,0.34858125299469495
0005,2,461.0,2,0.5654690402095338
0005,2,490.0,1,0.9321916535959728
0005,2,493.0,3,0.6831944672230056
0005,3,24.0,1,0.1478994269215691
0005,3,36.0,2,0.5172141177283665
0005,3,57.0,1,0.20848158964858518
0005,3,82.0,4,0.34627794584977284
0005,3,105.0,1,0.5629437332562939
0005,3,106.0,1,0.3625301775582619
0005,3,124.0,4,0.7819249292138725
0005,3,126.0,0,0.5404290052497671
0005,3,130.0,4,0.821522772212661
0005,3,135.0,4,0.8940065357206111
0005,3,142.0,4,0.9047601546599469
0005,3,173.0,4,0.8876853632058166
0005,3,175.0,3,0.25557409729172326
0005,3,177.0,0,0.3750376148629816
0005,3,179.0,0,0.00041654355034636723
0005,3,187.0,0,0.5421768707482992
0005,3,214.0,4,0.9770390242376958
0005,3,218.0,3,0.256440194689886
0005,3,219.0,3,0.2518478510583968
0005,3,263.0,2,0.1174118303224585
0005,3,326.0,4,0.36918954277889865
0005,3,335.0,3,0.2610071581525785
0005,3,340.0,4,0.35802376707286715
0005,3,357.0,1,0.4949584361502521
0005,3,372.0,4,0.33758647152221727
0005,3,387.0,2,0.6467620072087553
0005,3,394.0,4,0.35216664051586
0005,3,447.0,4,0.3665681732525947
0005,3,461.0,2,0.5575242813326747
0005,3,490.0,1,0.9525776800966839
0005,3,493.0,3,0.6712350750515166
0005,4,24.0,1,0.23451937138067075
0005,4,36.0,2,0.639659577885175
0005,4,57.0,1,0.14028380470300814
0005,4,82.0,4,0.3265998637495762
0005,4,105.0,1,0.47860469581278914
0005,4,106.0,1,0.39234512276392264
0005,4,124.0,4,0.37920479289722897
0005,4,126.0,0,0.32475223523767627
0005,4,130.0,4,0.6828814911660591
0005,4,135.0,4,0.6894788789893699
0005,4,142.0,4,0.9688388248585432
0005,4,173.0,4,0.4952096904222033
0005,4,175.0,3,0.24161212159028028
0005,4,177.0,0,0.280170037772897
0005,4,179.0,0,0.00041135917970200065
0005,4,187.0,0,0.09513652783680408
0005,4,214.0,4,0.7787333936669963
0005,4,218.0,3,0.23888292479981063
0005,4,219.0,3,0.23049163688140814
0005,4,263.0,2,0.12390854533394326
0005,4,326.0,4,0.33735087603204844
0005,4,335.0,3,0.23704532027490216
0005,4,340.0,4,0.34678243821422877
0005,4,357.0,1,0.5889278806170837
0005,4,372.0,4,0.24348232490062435
0005,4,387.0,2,0.5719370977743679
0005,4,394.0,4,0.27629671511379533
0005,4,447.0,4,0.27920139967775953
0005,4,461.0,2,0.6540014822983125
0005,4,490.0,1,0.8988121780165509
0005,4,493.0,3,0.6889504822390983
0006,0,24.0,1,0.10831054966390104
0006,0,36.0,2,0.6231252985699133
0006,0,57.0,1,0.22494851672967323
0006,0,82.0,4,0.34745342478255675
0006,0,105.0,1,0.4719415904310193
0006,0,106.0,1,0.3371829142037017
0006,0,124.0,4,0.45596388166764434
0006,0,126.0,0,0.2581996293234856
0006,0,130.0,4,0.8205706490154043
0006,0,135.0,4,0.7942576205515738
0006,0,142.0,4,0.7568063352107461
0006,0,173.0,4,0.5717666534656834
0006,0,175.0,3,0.2546610642969893
0006,0,177.0,0,0.24772975904788963
0006,0,179.0,0,0.00040454322080360765
0006,0,187.0,0,0.0018739840321632811
0006,0,214.0,4,0.7828800750595026
0006,0,218.0,3,0.24925045991813097
0006,0,219.0,3,0.24459872145365585
0006,0,263.0,2,0.07875762983882262
0006,0,326.0,4,0.1859281903273009
0006,0,335.0,3,0.24977686963826579
0006,0,340.0,4,0.17765344320759766
0006,0,357.0,1,0.4005034286864725
0006,0,372.0,4,0.8778536550189917
0006,0,387.0,2,0.6029192542669755
0006,0,394.0,4,0.8179718103667954
0006,0,447.0,4,0.817634142970859
0006,0,461.0,2,0.5473187134913673
0006,0,490.0,1,0.8915467585660342
0006,0,493.0,3,0.6965084512796453
0006,1,24.0,1,0.09983848528713722
0006,1,36.0,2,0.5979835472308873
0006,1,57.0,1,0.22250766063843738
0006,1,82.0,4,0.34803344104918893
0006,1,105.0,1,0.49419071649859797
0006,1,106.0,1,0.25343069148037267
0006,1,124.0,4,0.44009519863855384
0006,1,126.0,0,0.24659529579102157
0006,1,130.0,4,0.7017218988045433
0006,1,135.0,4,0.6045287138281611
0006,1,142.0,4,0.6107663147866822
0006,1,173.0,4,0.5242668860290866
0006,1,175.0,3,0.26772785505422503
0006,1,177.0,0,0.24646411539077212
0006,1,179.0,0,0.0004053083549495298
0006,1,187.0,0,0.004738683356906185
0006,1,214.0,4,0.6553077934987421
0006,1,218.0,3,0.26203427085342174
0006,1,219.0,3,0.25776305600407656
0006,1,263.0,2,0.08459457710293164
0006,1,326.0,4,0.08309456976734164
0006,1,335.0,3,0.2629603011084083
0006,1,340.0,4,0.12627725400126358
0006,1,357.0,1,0.396362713761714
0006,1,372.0,4,0.3613160133888037
0006,1,387.0,2,0.674185999673611
0006,1,394.0,4,0.33117342853347
0006,1,447.0,4,0.34927021516650375
0006,1,461.0,2,0.49789067481521276
0006,1,490.0,1,0.8209931088357719
0006,1,493.0,3,0.6963569135217956
0006,2,24.0,1,0.1885944842449786
0006,2,36.0,2,0.6700723527633606
0006,2,57.0,1,0.21112523293031862
0006,2,82.0,4,0.3601547713546321
0006,2,105.0,1,0.5782471264381638
0006,2,106.0,1,0.09554613843394899
0006,2,124.0,4,0.8098607139938296
0006,2,126.0,0,0.2415924636011633
0006,2,130.0,4,0.8822549566565603
0006,2,135.0,4,0.8899604134796482
0006,2,142.0,4,0.9651677161537249
0006,2,173.0,4,0.8747387905036139
0006,2,175.0,3,0.26606998614005295
0006,2,177.0,0,0.26322364675924226
0006,2,179.0,0,0.0004101502897545171
0006,2,187.0,0,0.012784061776535217
0006,2,214.0,4,0.9391385979939684
0006,2,218.0,3,0.25488699647426716
0006,2,219.0,3,0.2528930874409138
0006,2,263.0,2,0.09787689510712792
0006,2,326.0,4,0.03170801430076209
0006,2,335.0,3,0.26229017437648056
0006,2,340.0,4,0.08493514967416635
0006,2,357.0,1,0.4279334290314691
0006,2,372.0,4,0.9384903408783742
0006,2,387.0,2,0.5970461989071771
0006,2,394.0,4,0.8301098223620876
0006,2,447.0,4,0.898921014278244
0006,2,461.0,2,0.5266908535493539
0006,2,490.0,1,0.9332707539315147
0006,2,493.0,3,0.693764366107019
0006,3,24.0,1,0.1345736922548594
0006,3,36.0,2,0.610671669955978
0006,3,57.0,1,0.21278532398055977
0006,3,82.0,4,0.36769376473234094
0006,3,105.0,1,0.5115431992275518
0006,3,106.0,1,0.1723929446496406
0006,3,124.0,4,0.5645977704101759
0006,3,126.0,0,0.2485315599897334
0006,3,130.0,4,0.6685312968111574
0006,3,135.0,4,0.6595141672168219
0006,3,142.0,4,0.8838808390600635
0006,3,173.0,4,0.6555763331008497
0006,3,175.0,3,0.27355936068395803
0006,3,177.0,0,0.2334783497237441
0006,3,179.0,0,0.0004465523315003374
0006,3,187.0,0,0.012162322900975665
0006,3,214.0,4,0.6754972060131017
0006,3,218.0,3,0.26045203363122393
0006,3,219.0,3,0.26085814087010084
0006,3,263.0,2,0.09954085694441224
0006,3,326.0,4,0.12198559045091428
0006,3,335.0,3,0.26782541759902934
0006,3,340.0,4,0.14448984726922792
0006,3,357.0,1,0.42881453478029
0006,3,372.0,4,0.7420146989961811
0006,3,387.0,2,0.6225022753036191
0006,3,394.0,4,0.6289096112527801
0006,3,447.0,4,0.7929385589159237
0006,3,461.0,2,0.5484779575670871
0006,3,490.0,1,0.9508594384070157
0006,3,493.0,3,0.6863246716740531
0006,4,24.0,1,0.11777091182103361
0006,4,36.0,2,0.679783484568871
0006,4,57.0,1,0.17303461340670548
0006,4,82.0,4,0.33242646798857994
0006,4,105.0,1,0.5461414396800874
0006,4,106.0,1,0.3278219482128243
0006,4,124.0,4,0.6191430091896097
0006,4,126.0,0,0.25779364776174146
0006,4,130.0,4,0.7098205075923212
0006,4,135.0,4,0.6835040342308614
0006,4,142.0,4,0.7186681781219175
0006,4,173.0,4,0.6721743157565783
0006,4,175.0,3,0.2504735299694193
0006,4,177.0,0,0.25268686540224616
0006,4,179.0,0,0.0004233144466115453
0006,4,187.0,0,0.0021504814124852665
0006,4,214.0,4,0.7689524966226309
0006,4,218.0,3,0.24480731601679262
0006,4,219.0,3,0.23707645519785134
0006,4,263.0,2,0.0994640159732015
0006,4,326.0,4,0.029857250705029318
0006,4,335.0,3,0.24532091890937785
0006,4,340.0,4,0.06695210237159913
0006,4,357.0,1,0.4006854477778665
0006,4,372.0,4,0.5596958629734076
0006,4,387.0,2,0.5886217195992328
0006,4,394.0,4,0.5403223224759367
0006,4,447.0,4,0.701786641149295
0006,4,461.0,2,0.6110738938003637
0006,4,490.0,1,0.9301021593480423
0006,4,493.0,3,0.6948810728206235
0007,0,24.0,1,0.08617531086020319
0007,0,36.0,2,0.5636633305248502
0007,0,57.0,1,0.21404120173213714
0007,0,82.0,4,0.33749783586367493
0007,0,105.0,1,0.5428183126819339
0007,0,106.0,1,0.18574351089965066
0007,0,124.0,4,0.29054593733482054
0007,0,126.0,0,0.44060105801437355
0007,0,130.0,4,0.6925281795645534
0007,0,135.0,4,0.379582852968633
0007,0,142.0,4,0.9694826005379148
0007,0,173.0,4,0.2729724397838679
0007,0,175.0,3,0.2450868496557959
0007,0,177.0,0,0.2576657604814998
0007,0,179.0,0,0.00040343303969680414
0007,0,187.0,0,0.44430518909410727
0007,0,214.0,4,0.31072490810051734
0007,0,218.0,3,0.24623008084428316
0007,0,219.0,3,0.23893833507724108
0007,0,263.0,2,0.09384232427906303
0007,0,326.0,4,0.1683253717468125
0007,0,335.0,3,0.24580153096905946
0007,0,340.0,4,0.2953789196496595
0007,0,357.0,1,0.36596658423952577
0007,0,372.0,4,0.29316386096436026
0007,0,387.0,2,0.7524186897601544
0007,0,394.0,4,0.3127327205148995
0007,0,447.0,4,0.3170472490884834
0007,0,461.0,2,0.49139732893225513
0007,0,490.0,1,0.8639802314411997
0007,0,493.0,3,0.6975145238199552
0007,1,24.0,1,0.0834056057907203
0007,1,36.0,2,0.49223514502199034
0007,1,57.0,1,0.22570279826224549
0007,1,82.0,4,0.35140405910989914
0007,1,105.0,1,0.5201222654003191
0007,1,106.0,1,0.21607187630084232
0007,1,124.0,4,0.323954053903366
0007,1,126.0,0,0.6463823082412028
0007,1,130.0,4,0.8574256331351521
0007,1,135.0,4,0.5248079024571607
0007,1,142.0,4,0.7496100053543063
0007,1,173.0,4,0.33923979042259655
0007,1,175.0,3,0.2606563225488316
0007,1,177.0,0,0.2537383616822688
0007,1,179.0,0,0.00041768162745122383
0007,1,187.0,0,0.0023946388988353184
0007,1,214.0,4,0.49284434734763954
0007,1,218.0,3,0.2617302409647319
0007,1,219.0,3,0.2567081619822824
0007,1,263.0,2,0.08299407725248985
0007,1,326.0,4,0.06944656262406958
0007,1,335.0,3,0.2615694302775227
0007,1,340.0,4,0.11475182264500672
0007,1,357.0,1,0.3684477149270232
0007,1,372.0,4,0.29002657309835783
0007,1,387.0,2,0.6996489787134306
0007,1,394.0,4,0.30561526595421284
0007,1,447.0,4,0.31098800199812604
0007,1,461.0,2,0.5049080412282212
0007,1,490.0,1,0.8249329062003192
0007,1,493.0,3,0.7024988456853017
0007,2,24.0,1,0.13048322900963966
0007,2,36.0,2,0.6061760818787755
0007,2,57.0,1,0.20007962788511519
0007,2,82.0,4,0.3530171573854384
0007,2,105.0,1,0.6035755609188689
0007,2,106.0,1,0.08656146333830265
0007,2,124.0,4,0.3747657203666144
0007,2,126.0,0,0.911546111024039
0007,2,130.0,4,0.9551033400642586
0007,2,135.0,4,0.8684016633166938
0007,2,142.0,4,0.9565080732101063
0007,2,173.0,4,0.5229995491260012
0007,2,175.0,3,0.254973325861645
0007,2,177.0,0,0.26121041030374004
0007,2,179.0,0,0.000422638762966447
0007,2,187.0,0,0.0027346438217478474
0007,2,214.0,4,0.8852986422303796
0007,2,218.0,3,0.2624143477662461
0007,2,219.0,3,0.2559762068627276
0007,2,263.0,2,0.10308929753111347
0007,2,326.0,4,0.06444564646902955
0007,2,335.0,3,0.2612583684212596
0007,2,340.0,4,0.08648011635537577
0007,2,357.0,1,0.3981284906867468
0007,2,372.0,4,0.3173082787250291
0007,2,387.0,2,0.7041264791609491
0007,2,394.0,4,0.3379428331640272
0007,2,447.0,4,0.3466367242165073
0007,2,461.0,2,0.44454313320003863
0007,2,490.0,1,0.9270849086627605
0007,2,493.0,3,0.6870368461215148
0007,3,24.0,1,0.12711477807577384
0007,3,36.0,2,0.5388273141337844
0007,3,57.0,1,0.2064524821916956
0007,3,82.0,4,0.35602589563697795
0007,3,105.0,1,0.4782754549078673
0007,3,106.0,1,0.1541149440632045
0007,3,124.0,4,0.3976322138165212
0007,3,126.0,0,0.6126886197688501
0007,3,130.0,4,0.7083354392322412
0007,3,135.0,4,0.7290942160936369
0007,3,142.0,4,0.95860824503623
0007,3,173.0,4,0.5336967604127334
0007,3,175.0,3,0.24793832510759017
0007,3,177.0,0,0.25798153055854733
0007,3,179.0,0,0.0004243048785991991
0007,3,187.0,0,0.6881896551724138
0007,3,214.0,4,0.7940494745829697
0007,3,218.0,3,0.2491940056858924
0007,3,219.0,3,0.2461216488950026
0007,3,263.0,2,0.10302928264035915
0007,3,326.0,4,0.1434607198006115
0007,3,335.0,3,0.25248374890996345
0007,3,340.0,4,0.22711074331327663
0007,3,357.0,1,0.3981749640340836
0007,3,372.0,4,0.2950919069534568
0007,3,387.0,2,0.6970936288399141
0007,3,394.0,4,0.31781202597488495
0007,3,447.0,4,0.32307707428781585
0007,3,461.0,2,0.5199735004663096
0007,3,490.0,1,0.9289288772554267
0007,3,493.0,3,0.6780994087800214
0007,4,24.0,1,0.11245975801052323
0007,4,36.0,2,0.6680881654581978
0007,4,57.0,1,0.20998887111172534
0007,4,82.0,4,0.3280957492652647
0007,4,105.0,1,0.6488254946634641
0007,4,106.0,1,0.31844848979783796
0007,4,124.0,4,0.28612841020515556
0007,4,126.0,0,0.7643994114099408
0007,4,130.0,4,0.6415093882280642
0007,4,135.0,4,0.36160119049214634
0007,4,142.0,4,0.9007546563613484
0007,4,173.0,4,0.2696594314907117
0007,4,175.0,3,0.243523379303164
0007,4,177.0,0,0.2518471751820985
0007,4,179.0,0,0.00040905915539867204
0007,4,187.0,0,0.002711276724733759
0007,4,214.0,4,0.29220773907916525
0007,4,218.0,3,0.24274938690522133
0007,4,219.0,3,0.2341074533773401
0007,4,263.0,2,0.09235166083353606
0007,4,326.0,4,0.18472257914809423
0007,4,335.0,3,0.24092676478304748
0007,4,340.0,4,0.11845481312519326
0007,4,357.0,1,0.38835554421685303
0007,4,372.0,4,0.2666301370240216
0007,4,387.0,2,0.6690368609770132
0007,4,394.0,4,0.2939049779594561
0007,4,447.0,4,0.3004910488466304
0007,4,461.0,2,0.5991667513761217
0007,4,490.0,1,0.9515357392191246
0007,4,493.0,3,0.6936333468564395
0008,0,24.0,1,0.1030440069466134
0008,0,36.0,2,0.6064693421456517
0008,0,57.0,1,0.2280678133638361
0008,0,82.0,4,0.3445760427232648
0008,0,105.0,1,0.476954187719381
0008,0,106.0,1,0.31304145833529207
0008,0,124.0,4,0.49000648356608156
0008,0,126.0,0,0.26635074013915117
0008,0,130.0,4,0.8263117911270528
0008,0,135.0,4,0.7676726140749164
0008,0,142.0,4,0.8039213329124155
0008,0,173.0,4,0.6538308109295382
0008,0,175.0,3,0.25260522041871486
0008,0,177.0,0,0.24841744903951865
0008,0,179.0,0,0.0004094586842979199
0008,0,187.0,0,0.0018624044094032594
0008,0,214.0,4,0.7940116215002702
0008,0,218.0,3,0.24664169910523134
0008,0,219.0,3,0.24106849517298937
0008,0,263.0,2,0.08207081996503489
0008,0,326.0,4,0.17715419636003207
0008,0,335.0,3,0.24842843646384527
0008,0,340.0,4,0.1768947509585443
0008,0,357.0,1,0.3934709317454399
0008,0,372.0,4,0.8604870990330874
0008,0,387.0,2,0.6080729448338968
0008,0,394.0,4,0.8849017358533067
0008,0,447.0,4,0.8344870131288219
0008,0,461.0,2,0.5428705123330732
0008,0,490.0,1,0.9148524816403165
0008,0,493.0,3,0.7004368312812197
0008,1,24.0,1,0.11349359537210858
0008,1,36.0,2,0.6136443423714129
0008,1,57.0,1,0.21289400705235906
0008,1,82.0,4,0.3496011274145813
0008,1,105.0,1,0.3860768095385138
0008,1,106.0,1,0.2474782315905474
0008,1,124.0,4,0.5299017547543166
0008,1,126.0,0,0.24829461746731973
0008,1,130.0,4,0.7303685407786971
0008,1,135.0,4,0.6769914995636238
0008,1,142.0,4,0.7094998088435259
0008,1,173.0,4,0.5136131672337192
0008,1,175.0,3,0.2663286440180026
0008,1,177.0,0,0.2469238858801683
0008,1,179.0,0,0.00041612152411248256
0008,1,187.0,0,0.0038974171746510005
0008,1,214.0,4,0.7239347871998648
0008,1,218.0,3,0.2592658940146241
0008,1,219.0,3,0.255545580447224
0008,1,263.0,2,0.08109371881904734
0008,1,326.0,4,0.11300031076368913
0008,1,335.0,3,0.2607701375015152
0008,1,340.0,4,0.15414446699750362
0008,1,357.0,1,0.40840775891352205
0008,1,372.0,4,0.3438623988345095
0008,1,387.0,2,0.6236215811090974
0008,1,394.0,4,0.33235302676138845
0008,1,447.0,4,0.36486655218002817
0008,1,461.0,2,0.5313575369399111
0008,1,490.0,1,0.7530969251811285
0008,1,493.0,3,0.7019175140913945
0008,2,24.0,1,0.17746820374788888
0008,2,36.0,2,0.6735043248066964
0008,2,57.0,1,0.21257771095715788
0008,2,82.0,4,0.3633702147135278
0008,2,105.0,1,0.5624418390325157
0008,2,106.0,1,0.12405326386312507
0008,2,124.0,4,0.7856128428201932
0008,2,126.0,0,0.25375917069764303
0008,2,130.0,4,0.8463694517670051
0008,2,135.0,4,0.8479154665572489
0008,2,142.0,4,0.8542291001584935
0008,2,173.0,4,0.8346923785698145
0008,2,175.0,3,0.2711929005674701
0008,2,177.0,0,0.2574196296567983
0008,2,179.0,0,0.0004026174458471106
0008,2,187.0,0,0.0021649935128562185
0008,2,214.0,4,0.9202819408270351
0008,2,218.0,3,0.2611380617830243
0008,2,219.0,3,0.25742317254057234
0008,2,263.0,2,0.09263461473490003
0008,2,326.0,4,0.04234884212430727
0008,2,335.0,3,0.26628811663914426
0008,2,340.0,4,0.09548104210498162
0008,2,357.0,1,0.43529569515955246
0008,2,372.0,4,0.9233096878456398
0008,2,387.0,2,0.6616144461853564
0008,2,394.0,4,0.8095579764942465
0008,2,447.0,4,0.8564455477409575
0008,2,461.0,2,0.5424622152986961
0008,2,490.0,1,0.9318171678788086
0008,2,493.0,3,0.6946219851420871
0008,3,24.0,1,0.13112753084048437
0008,3,36.0,2,0.5465564258687041
0008,3,57.0,1,0.21512559184269053
0008,3,82.0,4,0.3612559616095614
0008,3,105.0,1,0.4605823066907176
0008,3,106.0,1,0.20635031339769486
0008,3,124.0,4,0.5510278925126472
0008,3,126.0,0,0.2534020013809677
0008,3,130.0,4,0.6489559264845022
0008,3,135.0,4,0.6303142979302501
0008,3,142.0,4,0.7956944747827199
0008,3,173.0,4,0.6028698699347481
0008,3,175.0,3,0.27780085824359524
0008,3,177.0,0,0.24243969114350658
0008,3,179.0,0,0.00044749835286717656
0008,3,187.0,0,0.2733084651737076
0008,3,214.0,4,0.6749430815167009
0008,3,218.0,3,0.26500553430221246
0008,3,219.0,3,0.26332112214558484
0008,3,263.0,2,0.10486180255395948
0008,3,326.0,4,0.1240381439030838
0008,3,335.0,3,0.2701032819230303
0008,3,340.0,4,0.14262937933327177
0008,3,357.0,1,0.435438352780936
0008,3,372.0,4,0.813294469872875
0008,3,387.0,2,0.5985350586673314
0008,3,394.0,4,0.8127514575584304
0008,3,447.0,4,0.7546699753930568
0008,3,461.0,2,0.5615636246322081
0008,3,490.0,1,0.9405856456757788
0008,3,493.0,3,0.6855296871411044
0008,4,24.0,1,0.1866768694624326
0008,4,36.0,2,0.6891050766623924
0008,4,57.0,1,0.1773009510069844
0008,4,82.0,4,0.33497543544709507
0008,4,105.0,1,0.5944624255777394
0008,4,106.0,1,0.3264092168833408
0008,4,124.0,4,0.6128187783720149
0008,4,126.0,0,0.25219759247035267
0008,4,130.0,4,0.6530325920866316
0008,4,135.0,4,0.6455896995672463
0008,4,142.0,4,0.6025551937525541
0008,4,173.0,4,0.6520169482293827
0008,4,175.0,3,0.2520742944976134
0008,4,177.0,0,0.23971380563396855
0008,4,179.0,0,0.0004181578286735129
0008,4,187.0,0,0.0020191578802416592
0008,4,214.0,4,0.7033797053762215
0008,4,218.0,3,0.24529067720437409
0008,4,219.0,3,0.23844315309779043
0008,4,263.0,2,0.10257868148357938
0008,4,326.0,4,0.037319184371451805
0008,4,335.0,3,0.24700493764154693
0008,4,340.0,4,0.07121071621895908
0008,4,357.0,1,0.41612353562841015
0008,4,372.0,4,0.4650687435207982
0008,4,387.0,2,0.6335281600535841
0008,4,394.0,4,0.4224766528424567
0008,4,447.0,4,0.4675109977859596
0008,4,461.0,2,0.6245760261466492
0008,4,490.0,1,0.9324546942726856
0008,4,493.0,3,0.6898894663547162
0011,0,24.0,1,0.1807232520450474
0011,0,36.0,2,0.4328026331379785
0011,0,57.0,1,0.14392223007414195
0011,0,82.0,4,0.39488741999002336
0011,0,105.0,1,0.7602431703085223
0011,0,106.0,1,0.28683886962273636
0011,0,124.0,4,0.903148161367188
0011,0,126.0,0,0.379257474475274
0011,0,130.0,4,0.8666852585223701
0011,0,135.0,4,0.997640791826464
0011,0,142.0,4,0.9603891515697479
0011,0,173.0,4,0.9001114807876629
0011,0,175.0,3,0.26396535357565876
0011,0,177.0,0,0.25135098720268356
0011,0,179.0,0,0.0006116359871300583
0011,0,187.0,0,0.10406817271242334
0011,0,214.0,4,0.8776898723409624
0011,0,218.0,3,0.3457947643903169
0011,0,219.0,3,0.3415027211899531
0011,0,263.0,2,0.0978635598085071
0011,0,326.0,4,0.3206655044511756
0011,0,335.0,3,0.5525214287478697
0011,0,340.0,4,0.5023374307131713
0011,0,357.0,1,0.47427473803852843
0011,0,372.0,4,0.6929376277230167
0011,0,387.0,2,0.3975877690579002
0011,0,394.0,4,0.6901171566614622
0011,0,447.0,4,0.708551372496809
0011,0,461.0,2,0.6829590216080761
0011,0,490.0,1,0.8838074132513315
0011,0,493.0,3,0.6797426604495072
0011,1,24.0,1,0.20019751542308792
0011,1,36.0,2,0.6835277203301449
0011,1,57.0,1,0.2113086355043368
0011,1,82.0,4,0.482842862132306
0011,1,105.0,1,0.3390313229793267
0011,1,106.0,1,0.16286956359177043
0011,1,124.0,4,0.8475095848126899
0011,1,126.0,0,0.6927058977756261
0011,1,130.0,4,0.988417787495326
0011,1,135.0,4,0.9997189406623205
0011,1,142.0,4,0.9218460777316624
0011,1,173.0,4,0.7284150926859021
0011,1,175.0,3,0.21128960605620473
0011,1,177.0,0,0.8322016379764139
0011,1,179.0,0,0.005479822243574345
0011,1,187.0,0,0.001416806359066407
0011,1,214.0,4,0.7813453008752289
0011,1,218.0,3,0.2416194475427216
0011,1,219.0,3,0.2281496743967867
0011,1,263.0,2,0.10891373174222604
0011,1,326.0,4,0.3919620317369973
0011,1,335.0,3,0.27203415882184356
0011,1,340.0,4,0.4314828924518488
0011,1,357.0,1,0.5489272233964234
0011,1,372.0,4,0.5269511512078562
0011,1,387.0,2,0.5122661031417118
0011,1,394.0,4,0.5636115485414674
0011,1,447.0,4,0.652170526595586
0011,1,461.0,2,0.670126482855621
0011,1,490.0,1,0.8340539659404359
0011,1,493.0,3,0.6754731580212026
0011,2,24.0,1,0.328043233418539
0011,2,36.0,2,0.28786591929338445
0011,2,57.0,1,0.17770452440875428
0011,2,82.0,4,0.44304389149472667
0011,2,105.0,1,0.16226231784979273
0011,2,106.0,1,0.2521966416063333
0011,2,124.0,4,0.9617448455616866
0011,2,126.0,0,0.5774308643901469
0011,2,130.0,4,0.9646337502457379
0011,2,135.0,4,1.0
0011,2,142.0,4,0.9709747488082997
0011,2,173.0,4,0.9623070225243018
0011,2,175.0,3,0.35071741972642867
0011,2,177.0,0,0.49564921000158163
0011,2,179.0,0,0.0010839892211115113
0011,2,187.0,0,0.34556115526264775
0011,2,214.0,4,0.9515827795446372
0011,2,218.0,3,0.4847573619468133
0011,2,219.0,3,0.2868115834155039
0011,2,263.0,2,0.1151967844975881
0011,2,326.0,4,0.2906472490884423
0011,2,335.0,3,0.6535750552136855
0011,2,340.0,4,0.4897983634787374
0011,2,357.0,1,0.40340325355293427
0011,2,372.0,4,0.4203944643890823
0011,2,387.0,2,0.4069657152434626
0011,2,394.0,4,0.5049530376972658
0011,2,447.0,4,0.5351735718204907
0011,2,461.0,2,0.6642298316719343
0011,2,490.0,1,0.37599066282817895
0011,2,493.0,3,0.6793727406275705
0011,3,24.0,1,0.2438623478767851
0011,3,36.0,2,0.41588783143052965
0011,3,57.0,1,0.151646241447797
0011,3,82.0,4,0.5104549323078511
0011,3,105.0,1,0.4449670715543888
0011,3,106.0,1,0.40848509170931296
0011,3,124.0,4,0.9366514031502677
0011,3,126.0,0,0.6113441474668146
0011,3,130.0,4,0.8663479482123457
0011,3,135.0,4,0.9999806877653834
0011,3,142.0,4,0.9328310313782967
0011,3,173.0,4,0.9486582314775968
0011,3,175.0,3,0.30744247955632603
0011,3,177.0,0,0.4255509763262584
0011,3,179.0,0,0.0008060304001600693
0011,3,187.0,0,0.0017382812238575483
0011,3,214.0,4,0.9553736346228595
0011,3,218.0,3,0.3049109898196929
0011,3,219.0,3,0.2964743975593822
0011,3,263.0,2,0.08985284684193626
0011,3,326.0,4,0.36139620489530067
0011,3,335.0,3,0.34428920495316523
0011,3,340.0,4,0.591958662601561
0011,3,357.0,1,0.5776990561986688
0011,3,372.0,4,0.4394892515985235
0011,3,387.0,2,0.32295887753289293
0011,3,394.0,4,0.5183408117093082
0011,3,447.0,4,0.6017840356981264
0011,3,461.0,2,0.6523348510963141
0011,3,490.0,1,0.9213587067171576
0011,3,493.0,3,0.6937557222377829
0011,4,24.0,1,0.3886917310447368
0011,4,36.0,2,0.44584941255631305
0011,4,57.0,1,0.14090008719930774
0011,4,82.0,4,0.49390396711608875
0011,4,105.0,1,0.30729953949710986
0011,4,106.0,1,0.2757966136705831
0011,4,124.0,4,0.8896819486635159
0011,4,126.0,0,0.6200180513760503
0011,4,130.0,4,0.825069649281968
0011,4,135.0,4,0.9246394903349096
0011,4,142.0,4,0.8993269549247994
0011,4,173.0,4,0.9307716376597448
0011,4,175.0,3,0.29132632650195067
0011,4,177.0,0,0.48541381954390106
0011,4,179.0,0,0.0005670944500731735
0011,4,187.0,0,0.5630506607929515
0011,4,214.0,4,0.9475257846226746
0011,4,218.0,3,0.27233888383320326
0011,4,219.0,3,0.2941211218238407
0011,4,263.0,2,0.16362120266074734
0011,4,326.0,4,0.24329592513256126
0011,4,335.0,3,0.4532419517644641
0011,4,340.0,4,0.3919418406248316
0011,4,357.0,1,0.47750948536784277
0011,4,372.0,4,0.859476478966148
0011,4,387.0,2,0.3952108636885596
0011,4,394.0,4,0.8502145802482749
0011,4,447.0,4,0.8113433771007297
0011,4,461.0,2,0.6654247107174479
0011,4,490.0,1,0.7357848954578661
0011,4,493.0,3,0.6813061704658931
0012,0,24.0,1,0.31436469013875584
0012,0,36.0,2,0.3613474275507146
0012,0,57.0,1,0.1641644220408141
0012,0,82.0,4,0.6209053884862197
0012,0,105.0,1,0.33120702179119976
0012,0,106.0,1,0.16896412970570934
0012,0,124.0,4,0.9121722328828996
0012,0,126.0,0,0.676077005126196
0012,0,130.0,4,0.941251132312158
0012,0,135.0,4,0.8988216093869592
0012,0,142.0,4,0.9819668831890216
0012,0,173.0,4,0.9199081450613067
0012,0,175.0,3,0.6951740953648793
0012,0,177.0,0,0.7422909088464305
0012,0,179.0,0,0.003252453883905906
0012,0,187.0,0,0.0007222166567116653
0012,0,214.0,4,0.9529609107969276
0012,0,218.0,3,0.7465214728264502
0012,0,219.0,3,0.7400385756640927
0012,0,263.0,2,0.08993976359652632
0012,0,326.0,4,0.0524250388815939
0012,0,335.0,3,0.7804490171815681
0012,0,340.0,4,0.09656081070433131
0012,0,357.0,1,0.45093490528771313
0012,0,372.0,4,0.9314209017401337
0012,0,387.0,2,0.4366713129384855
0012,0,394.0,4,0.9111652309056015
0012,0,447.0,4,0.9048020221102727
0012,0,461.0,2,0.6873759318766918
0012,0,490.0,1,0.88028862660836
0012,0,493.0,3,0.6790956273824518
0012,1,24.0,1,0.2658966247647638
0012,1,36.0,2,0.22609910602137953
0012,1,57.0,1,0.2115534661132817
0012,1,82.0,4,0.5179858431626987
0012,1,105.0,1,0.30715445945222797
0012,1,106.0,1,0.22392686251933186
0012,1,124.0,4,0.9790659559341788
0012,1,126.0,0,0.5935714567854157
0012,1,130.0,4,0.9923239545319456
0012,1,135.0,4,0.9998167307961295
0012,1,142.0,4,0.9750853967216008
0012,1,173.0,4,0.9589863248262146
0012,1,175.0,3,0.29505568541263055
0012,1,177.0,0,0.5987997979774418
0012,1,179.0,0,0.002859464479182789
0012,1,187.0,0,0.0010759017559275022
0012,1,214.0,4,0.9878941232929548
0012,1,218.0,3,0.2503103153097863
0012,1,219.0,3,0.23939896566991015
0012,1,263.0,2,0.0895772391675059
0012,1,326.0,4,0.04825831962262009
0012,1,335.0,3,0.27117751016470687
0012,1,340.0,4,0.07507998786434597
0012,1,357.0,1,0.35916382127555313
0012,1,372.0,4,0.5722631348434043
0012,1,387.0,2,0.44342568097384716
0012,1,394.0,4,0.7026200722008883
0012,1,447.0,4,0.7856770317963764
0012,1,461.0,2,0.6661779394709089
0012,1,490.0,1,0.7752342588397089
0012,1,493.0,3,0.6855277637613293
0012,2,24.0,1,0.32885882343807177
0012,2,36.0,2,0.3677371971388091
0012,2,57.0,1,0.19528614393603602
0012,2,82.0,4,0.3608458755598993
0012,2,105.0,1,0.3428223727964481
0012,2,106.0,1,0.35822017500878356
0012,2,124.0,4,0.9322057797145453
0012,2,126.0,0,0.26284461965561734
0012,2,130.0,4,0.8926915472371639
0012,2,135.0,4,0.9602538208768095
0012,2,142.0,4,0.9718090513490272
0012,2,173.0,4,0.8657394317447776
0012,2,175.0,3,0.2424670313853794
0012,2,177.0,0,0.2268171106021954
0012,2,179.0,0,0.0005428173116823513
0012,2,187.0,0,0.021089253760216666
0012,2,214.0,4,0.9537530545091707
0012,2,218.0,3,0.22921567463360717
0012,2,219.0,3,0.2270749937954784
0012,2,263.0,2,0.1472693776871018
0012,2,326.0,4,0.08810496666527429
0012,2,335.0,3,0.26223270424770767
0012,2,340.0,4,0.13923178507550546
0012,2,357.0,1,0.35255202232896016
0012,2,372.0,4,0.8832813593225111
0012,2,387.0,2,0.15369078844607614
0012,2,394.0,4,0.847122347283252
0012,2,447.0,4,0.8655917546715381
0012,2,461.0,2,0.6521699514368555
0012,2,490.0,1,0.8151201450099882
0012,2,493.0,3,0.6895837416221141
0012,3,24.0,1,0.2808244526419015
0012,3,36.0,2,0.3246443833713932
0012,3,57.0,1,0.1483297664538758
0012,3,82.0,4,0.6275385014546331
0012,3,105.0,1,0.4026119714414771
0012,3,106.0,1,0.38827584132816684
0012,3,124.0,4,0.7561617439859247
0012,3,126.0,0,0.6016610866479339
0012,3,130.0,4,0.8827966553341684
0012,3,135.0,4,0.8690974203356896
0012,3,142.0,4,0.9841518879972245
0012,3,173.0,4,0.8093108218612495
0012,3,175.0,3,0.5177758830592721
0012,3,177.0,0,0.748936322497483
0012,3,179.0,0,0.0025085337778836233
0012,3,187.0,0,0.0007636458724673502
0012,3,214.0,4,0.8432463097319971
0012,3,218.0,3,0.33376165866846147
0012,3,219.0,3,0.33686881158502385
0012,3,263.0,2,0.07644835214410556
0012,3,326.0,4,0.27234762212268393
0012,3,335.0,3,0.5206382640466867
0012,3,340.0,4,0.10205680203929257
0012,3,357.0,1,0.48903117876079044
0012,3,372.0,4,0.8756530988319784
0012,3,387.0,2,0.38243607118390566
0012,3,394.0,4,0.9307549891987286
0012,3,447.0,4,0.9330146628426659
0012,3,461.0,2,0.6797359653002438
0012,3,490.0,1,0.8805939198182462
0012,3,493.0,3,0.7169107649864785
0012,4,24.0,1,0.3295757609193491
0012,4,36.0,2,0.3399666060563383
0012,4,57.0,1,0.13362354403805515
0012,4,82.0,4,0.37067616218182475
0012,4,105.0,1,0.35408043726355026
0012,4,106.0,1,0.28540239441673637
0012,4,124.0,4,0.8471620828067261
0012,4,126.0,0,0.5563388295920836
0012,4,130.0,4,0.7930794472417171
0012,4,135.0,4,0.8903397429592728
0012,4,142.0,4,0.9730791195037187
0012,4,173.0,4,0.8546518339092819
0012,4,175.0,3,0.24531149791378107
0012,4,177.0,0,0.6287225625561291
0012,4,179.0,0,0.003067513526229123
0012,4,187.0,0,0.0012300462515469797
0012,4,214.0,4,0.9014267596449628
0012,4,218.0,3,0.20924101553996427
0012,4,219.0,3,0.21615134081757773
0012,4,263.0,2,0.09724736383337165
0012,4,326.0,4,0.20265811322798194
0012,4,335.0,3,0.24952106152576875
0012,4,340.0,4,0.23155700030007598
0012,4,357.0,1,0.5060374061657772
0012,4,372.0,4,0.7493310073664645
0012,4,387.0,2,0.3647414282698681
0012,4,394.0,4,0.6681068323185348
0012,4,447.0,4,0.8541691180535945
0012,4,461.0,2,0.7089172085957284
0012,4,490.0,1,0.8222496016733805
0012,4,493.0,3,0.6923124261734601
