campaign,variant,repetition,scope,metryka,wartość
kidney-nnpu-long-training__cfg_ea47f92b36b9,bce,0,all classes (508),average_precision,0.3566980158902298
kidney-nnpu-long-training__cfg_ea47f92b36b9,bce,0,all classes (508),roc_auc,0.573112365898612
kidney-nnpu-long-training__cfg_ea47f92b36b9,bce,0,all classes (508),macro_f1,0.050527971237404726
kidney-nnpu-long-training__cfg_ea47f92b36b9,bce,0,all classes (508),macro_precision,0.03935534871203582
kidney-nnpu-long-training__cfg_ea47f92b36b9,bce,0,all classes (508),macro_recall,0.10414447024945662
kidney-nnpu-long-training__cfg_ea47f92b36b9,bce,0,all classes (508),micro_f1,0.14172683666397512
kidney-nnpu-long-training__cfg_ea47f92b36b9,bce,0,all classes (508),micro_precision,0.08361602204434952
kidney-nnpu-long-training__cfg_ea47f92b36b9,bce,0,all classes (508),micro_recall,0.46463587225263014
kidney-nnpu-long-training__cfg_ea47f92b36b9,bce,0,all classes (508),hamming_loss,0.3229819287130496
kidney-nnpu-long-training__cfg_ea47f92b36b9,bce,0,all classes (508),hamming_loss_baseline_positive_rate,0.05739341307168819
kidney-nnpu-long-training__cfg_ea47f92b36b9,bce,0,train-active ∩ test-active,average_precision,0.4737573253202021
kidney-nnpu-long-training__cfg_ea47f92b36b9,bce,0,train-active ∩ test-active,roc_auc,0.6954441950061936
kidney-nnpu-long-training__cfg_ea47f92b36b9,bce,0,train-active ∩ test-active,macro_f1,0.12302480669240158
kidney-nnpu-long-training__cfg_ea47f92b36b9,bce,0,train-active ∩ test-active,macro_precision,0.12867775211396412
kidney-nnpu-long-training__cfg_ea47f92b36b9,bce,0,train-active ∩ test-active,macro_recall,0.18170442653275948
kidney-nnpu-long-training__cfg_ea47f92b36b9,bce,0,train-active ∩ test-active,micro_f1,0.24881151964724524
kidney-nnpu-long-training__cfg_ea47f92b36b9,bce,0,train-active ∩ test-active,micro_precision,0.5436026091319619
kidney-nnpu-long-training__cfg_ea47f92b36b9,bce,0,train-active ∩ test-active,micro_recall,0.16132586812794092
kidney-nnpu-long-training__cfg_ea47f92b36b9,bce,0,train-active ∩ test-active,hamming_loss,0.2622741815207717
kidney-nnpu-long-training__cfg_ea47f92b36b9,bce,0,train-active ∩ test-active,hamming_loss_baseline_positive_rate,0.2692421800453842
kidney-nnpu-long-training__cfg_ea47f92b36b9,bce,1,all classes (508),average_precision,0.36123199565415254
kidney-nnpu-long-training__cfg_ea47f92b36b9,bce,1,all classes (508),roc_auc,0.5699772264867335
kidney-nnpu-long-training__cfg_ea47f92b36b9,bce,1,all classes (508),macro_f1,0.04678173679444711
kidney-nnpu-long-training__cfg_ea47f92b36b9,bce,1,all classes (508),macro_precision,0.04451601724498185
kidney-nnpu-long-training__cfg_ea47f92b36b9,bce,1,all classes (508),macro_recall,0.08506222904805757
kidney-nnpu-long-training__cfg_ea47f92b36b9,bce,1,all classes (508),micro_f1,0.12034290592168422
kidney-nnpu-long-training__cfg_ea47f92b36b9,bce,1,all classes (508),micro_precision,0.07145632434040008
kidney-nnpu-long-training__cfg_ea47f92b36b9,bce,1,all classes (508),micro_recall,0.3810084062270875
kidney-nnpu-long-training__cfg_ea47f92b36b9,bce,1,all classes (508),hamming_loss,0.31968298425784025
kidney-nnpu-long-training__cfg_ea47f92b36b9,bce,1,all classes (508),hamming_loss_baseline_positive_rate,0.05739341307168819
kidney-nnpu-long-training__cfg_ea47f92b36b9,bce,1,train-active ∩ test-active,average_precision,0.48007834703622004
kidney-nnpu-long-training__cfg_ea47f92b36b9,bce,1,train-active ∩ test-active,roc_auc,0.6928566623381878
kidney-nnpu-long-training__cfg_ea47f92b36b9,bce,1,train-active ∩ test-active,macro_f1,0.12151063976138504
kidney-nnpu-long-training__cfg_ea47f92b36b9,bce,1,train-active ∩ test-active,macro_precision,0.162656345827519
kidney-nnpu-long-training__cfg_ea47f92b36b9,bce,1,train-active ∩ test-active,macro_recall,0.16025023243773115
kidney-nnpu-long-training__cfg_ea47f92b36b9,bce,1,train-active ∩ test-active,micro_f1,0.1782846445637716
kidney-nnpu-long-training__cfg_ea47f92b36b9,bce,1,train-active ∩ test-active,micro_precision,0.5155270655270655
kidney-nnpu-long-training__cfg_ea47f92b36b9,bce,1,train-active ∩ test-active,micro_recall,0.10777890285305855
kidney-nnpu-long-training__cfg_ea47f92b36b9,bce,1,train-active ∩ test-active,hamming_loss,0.2674941666065286
kidney-nnpu-long-training__cfg_ea47f92b36b9,bce,1,train-active ∩ test-active,hamming_loss_baseline_positive_rate,0.2692421800453842
kidney-nnpu-long-training__cfg_ea47f92b36b9,bce,2,all classes (508),average_precision,0.3572097608369974
kidney-nnpu-long-training__cfg_ea47f92b36b9,bce,2,all classes (508),roc_auc,0.5595206450650296
kidney-nnpu-long-training__cfg_ea47f92b36b9,bce,2,all classes (508),macro_f1,0.04350744027826882
kidney-nnpu-long-training__cfg_ea47f92b36b9,bce,2,all classes (508),macro_precision,0.040753676034576414
kidney-nnpu-long-training__cfg_ea47f92b36b9,bce,2,all classes (508),macro_recall,0.08719751630253134
kidney-nnpu-long-training__cfg_ea47f92b36b9,bce,2,all classes (508),micro_f1,0.12740464825365888
kidney-nnpu-long-training__cfg_ea47f92b36b9,bce,2,all classes (508),micro_precision,0.07617680203681289
kidney-nnpu-long-training__cfg_ea47f92b36b9,bce,2,all classes (508),micro_recall,0.3890054052210684
kidney-nnpu-long-training__cfg_ea47f92b36b9,bce,2,all classes (508),hamming_loss,0.30582663464606075
kidney-nnpu-long-training__cfg_ea47f92b36b9,bce,2,all classes (508),hamming_loss_baseline_positive_rate,0.05739341307168819
kidney-nnpu-long-training__cfg_ea47f92b36b9,bce,2,train-active ∩ test-active,average_precision,0.4828817759098778
kidney-nnpu-long-training__cfg_ea47f92b36b9,bce,2,train-active ∩ test-active,roc_auc,0.6895978074155107
kidney-nnpu-long-training__cfg_ea47f92b36b9,bce,2,train-active ∩ test-active,macro_f1,0.12964379969210968
kidney-nnpu-long-training__cfg_ea47f92b36b9,bce,2,train-active ∩ test-active,macro_precision,0.13372402991071014
kidney-nnpu-long-training__cfg_ea47f92b36b9,bce,2,train-active ∩ test-active,macro_recall,0.18463531307558947
kidney-nnpu-long-training__cfg_ea47f92b36b9,bce,2,train-active ∩ test-active,micro_f1,0.2520721940741087
kidney-nnpu-long-training__cfg_ea47f92b36b9,bce,2,train-active ∩ test-active,micro_precision,0.5835044860015134
kidney-nnpu-long-training__cfg_ea47f92b36b9,bce,2,train-active ∩ test-active,micro_recall,0.16076002144261123
kidney-nnpu-long-training__cfg_ea47f92b36b9,bce,2,train-active ∩ test-active,hamming_loss,0.2568537361782653
kidney-nnpu-long-training__cfg_ea47f92b36b9,bce,2,train-active ∩ test-active,hamming_loss_baseline_positive_rate,0.2692421800453842
kidney-nnpu-long-training__cfg_ea47f92b36b9,bce,3,all classes (508),average_precision,0.35258536900472687
kidney-nnpu-long-training__cfg_ea47f92b36b9,bce,3,all classes (508),roc_auc,0.563084245769719
kidney-nnpu-long-training__cfg_ea47f92b36b9,bce,3,all classes (508),macro_f1,0.04042345040312804
kidney-nnpu-long-training__cfg_ea47f92b36b9,bce,3,all classes (508),macro_precision,0.04068107761986477
kidney-nnpu-long-training__cfg_ea47f92b36b9,bce,3,all classes (508),macro_recall,0.07280137066891298
kidney-nnpu-long-training__cfg_ea47f92b36b9,bce,3,all classes (508),micro_f1,0.11957367523075935
kidney-nnpu-long-training__cfg_ea47f92b36b9,bce,3,all classes (508),micro_precision,0.0718130853302373
kidney-nnpu-long-training__cfg_ea47f92b36b9,bce,3,all classes (508),micro_recall,0.3570088836598633
kidney-nnpu-long-training__cfg_ea47f92b36b9,bce,3,all classes (508),hamming_loss,0.30173696129147165
kidney-nnpu-long-training__cfg_ea47f92b36b9,bce,3,all classes (508),hamming_loss_baseline_positive_rate,0.05739341307168819
kidney-nnpu-long-training__cfg_ea47f92b36b9,bce,3,train-active ∩ test-active,average_precision,0.4592969767680715
kidney-nnpu-long-training__cfg_ea47f92b36b9,bce,3,train-active ∩ test-active,roc_auc,0.6911160047099972
kidney-nnpu-long-training__cfg_ea47f92b36b9,bce,3,train-active ∩ test-active,macro_f1,0.11548033820962574
kidney-nnpu-long-training__cfg_ea47f92b36b9,bce,3,train-active ∩ test-active,macro_precision,0.16681770874605006
kidney-nnpu-long-training__cfg_ea47f92b36b9,bce,3,train-active ∩ test-active,macro_recall,0.17085863236517337
kidney-nnpu-long-training__cfg_ea47f92b36b9,bce,3,train-active ∩ test-active,micro_f1,0.18637724550898205
kidney-nnpu-long-training__cfg_ea47f92b36b9,bce,3,train-active ∩ test-active,micro_precision,0.434270765206017
kidney-nnpu-long-training__cfg_ea47f92b36b9,bce,3,train-active ∩ test-active,micro_recall,0.11864911549228661
kidney-nnpu-long-training__cfg_ea47f92b36b9,bce,3,train-active ∩ test-active,hamming_loss,0.2789123828309799
kidney-nnpu-long-training__cfg_ea47f92b36b9,bce,3,train-active ∩ test-active,hamming_loss_baseline_positive_rate,0.2692421800453842
kidney-nnpu-long-training__cfg_ea47f92b36b9,bce,4,all classes (508),average_precision,0.34641570062916804
kidney-nnpu-long-training__cfg_ea47f92b36b9,bce,4,all classes (508),roc_auc,0.5578393989723577
kidney-nnpu-long-training__cfg_ea47f92b36b9,bce,4,all classes (508),macro_f1,0.045576870322463166
kidney-nnpu-long-training__cfg_ea47f92b36b9,bce,4,all classes (508),macro_precision,0.04177762355588796
kidney-nnpu-long-training__cfg_ea47f92b36b9,bce,4,all classes (508),macro_recall,0.09523469713074033
kidney-nnpu-long-training__cfg_ea47f92b36b9,bce,4,all classes (508),micro_f1,0.12219122206750901
kidney-nnpu-long-training__cfg_ea47f92b36b9,bce,4,all classes (508),micro_precision,0.07202858441831868
kidney-nnpu-long-training__cfg_ea47f92b36b9,bce,4,all classes (508),micro_recall,0.4025099323068529
kidney-nnpu-long-training__cfg_ea47f92b36b9,bce,4,all classes (508),hamming_loss,0.3319162845136528
kidney-nnpu-long-training__cfg_ea47f92b36b9,bce,4,all classes (508),hamming_loss_baseline_positive_rate,0.05739341307168819
kidney-nnpu-long-training__cfg_ea47f92b36b9,bce,4,train-active ∩ test-active,average_precision,0.4787609991399801
kidney-nnpu-long-training__cfg_ea47f92b36b9,bce,4,train-active ∩ test-active,roc_auc,0.6982938453622501
kidney-nnpu-long-training__cfg_ea47f92b36b9,bce,4,train-active ∩ test-active,macro_f1,0.12502278359132082
kidney-nnpu-long-training__cfg_ea47f92b36b9,bce,4,train-active ∩ test-active,macro_precision,0.18168891757509567
kidney-nnpu-long-training__cfg_ea47f92b36b9,bce,4,train-active ∩ test-active,macro_recall,0.1875198913018096
kidney-nnpu-long-training__cfg_ea47f92b36b9,bce,4,train-active ∩ test-active,micro_f1,0.22341674948053122
kidney-nnpu-long-training__cfg_ea47f92b36b9,bce,4,train-active ∩ test-active,micro_precision,0.46232940736586275
kidney-nnpu-long-training__cfg_ea47f92b36b9,bce,4,train-active ∩ test-active,micro_recall,0.14729882661266305
kidney-nnpu-long-training__cfg_ea47f92b36b9,bce,4,train-active ∩ test-active,hamming_loss,0.27570501872298797
kidney-nnpu-long-training__cfg_ea47f92b36b9,bce,4,train-active ∩ test-active,hamming_loss_baseline_positive_rate,0.2692421800453842
kidney-nnpu-long-training__cfg_ea47f92b36b9,nnpu,0,all classes (508),average_precision,0.35186733120794256
kidney-nnpu-long-training__cfg_ea47f92b36b9,nnpu,0,all classes (508),roc_auc,0.567717858381317
kidney-nnpu-long-training__cfg_ea47f92b36b9,nnpu,0,all classes (508),macro_f1,0.049926625257709537
kidney-nnpu-long-training__cfg_ea47f92b36b9,nnpu,0,all classes (508),macro_precision,0.046238701367727925
kidney-nnpu-long-training__cfg_ea47f92b36b9,nnpu,0,all classes (508),macro_recall,0.10241015412594993
kidney-nnpu-long-training__cfg_ea47f92b36b9,nnpu,0,all classes (508),micro_f1,0.1471274038769851
kidney-nnpu-long-training__cfg_ea47f92b36b9,nnpu,0,all classes (508),micro_precision,0.08659025580328027
kidney-nnpu-long-training__cfg_ea47f92b36b9,nnpu,0,all classes (508),micro_recall,0.48899346940167443
kidney-nnpu-long-training__cfg_ea47f92b36b9,nnpu,0,all classes (508),hamming_loss,0.32537613447088687
kidney-nnpu-long-training__cfg_ea47f92b36b9,nnpu,0,all classes (508),hamming_loss_baseline_positive_rate,0.05739341307168819
kidney-nnpu-long-training__cfg_ea47f92b36b9,nnpu,0,train-active ∩ test-active,average_precision,0.49336537011821574
kidney-nnpu-long-training__cfg_ea47f92b36b9,nnpu,0,train-active ∩ test-active,roc_auc,0.7148334001735415
kidney-nnpu-long-training__cfg_ea47f92b36b9,nnpu,0,train-active ∩ test-active,macro_f1,0.23720909750169578
kidney-nnpu-long-training__cfg_ea47f92b36b9,nnpu,0,train-active ∩ test-active,macro_precision,0.2376018714759821
kidney-nnpu-long-training__cfg_ea47f92b36b9,nnpu,0,train-active ∩ test-active,macro_recall,0.3788441351648009
kidney-nnpu-long-training__cfg_ea47f92b36b9,nnpu,0,train-active ∩ test-active,micro_f1,0.47541213281651334
kidney-nnpu-long-training__cfg_ea47f92b36b9,nnpu,0,train-active ∩ test-active,micro_precision,0.4980268093017188
kidney-nnpu-long-training__cfg_ea47f92b36b9,nnpu,0,train-active ∩ test-active,micro_recall,0.45476204657811664
kidney-nnpu-long-training__cfg_ea47f92b36b9,nnpu,0,train-active ∩ test-active,hamming_loss,0.27021240768805177
kidney-nnpu-long-training__cfg_ea47f92b36b9,nnpu,0,train-active ∩ test-active,hamming_loss_baseline_positive_rate,0.2692421800453842
kidney-nnpu-long-training__cfg_ea47f92b36b9,nnpu,1,all classes (508),average_precision,0.32877680253721653
kidney-nnpu-long-training__cfg_ea47f92b36b9,nnpu,1,all classes (508),roc_auc,0.5472499011757501
kidney-nnpu-long-training__cfg_ea47f92b36b9,nnpu,1,all classes (508),macro_f1,0.045969329150686376
kidney-nnpu-long-training__cfg_ea47f92b36b9,nnpu,1,all classes (508),macro_precision,0.04145594052373211
kidney-nnpu-long-training__cfg_ea47f92b36b9,nnpu,1,all classes (508),macro_recall,0.08816890921719533
kidney-nnpu-long-training__cfg_ea47f92b36b9,nnpu,1,all classes (508),micro_f1,0.12436667152890818
kidney-nnpu-long-training__cfg_ea47f92b36b9,nnpu,1,all classes (508),micro_precision,0.07327843890091469
kidney-nnpu-long-training__cfg_ea47f92b36b9,nnpu,1,all classes (508),micro_recall,0.41069449417702525
kidney-nnpu-long-training__cfg_ea47f92b36b9,nnpu,1,all classes (508),hamming_loss,0.3319167738260905
kidney-nnpu-long-training__cfg_ea47f92b36b9,nnpu,1,all classes (508),hamming_loss_baseline_positive_rate,0.05739341307168819
kidney-nnpu-long-training__cfg_ea47f92b36b9,nnpu,1,train-active ∩ test-active,average_precision,0.42589021542306854
kidney-nnpu-long-training__cfg_ea47f92b36b9,nnpu,1,train-active ∩ test-active,roc_auc,0.6742792441758964
kidney-nnpu-long-training__cfg_ea47f92b36b9,nnpu,1,train-active ∩ test-active,macro_f1,0.2241952814221769
kidney-nnpu-long-training__cfg_ea47f92b36b9,nnpu,1,train-active ∩ test-active,macro_precision,0.2632285147401099
kidney-nnpu-long-training__cfg_ea47f92b36b9,nnpu,1,train-active ∩ test-active,macro_recall,0.3214789532878989
kidney-nnpu-long-training__cfg_ea47f92b36b9,nnpu,1,train-active ∩ test-active,micro_f1,0.3880919698009609
kidney-nnpu-long-training__cfg_ea47f92b36b9,nnpu,1,train-active ∩ test-active,micro_precision,0.4578171807950773
kidney-nnpu-long-training__cfg_ea47f92b36b9,nnpu,1,train-active ∩ test-active,micro_recall,0.33679790338912385
kidney-nnpu-long-training__cfg_ea47f92b36b9,nnpu,1,train-active ∩ test-active,hamming_loss,0.28595254704802225
kidney-nnpu-long-training__cfg_ea47f92b36b9,nnpu,1,train-active ∩ test-active,hamming_loss_baseline_positive_rate,0.2692421800453842
kidney-nnpu-long-training__cfg_ea47f92b36b9,nnpu,2,all classes (508),average_precision,0.34229380952429783
kidney-nnpu-long-training__cfg_ea47f92b36b9,nnpu,2,all classes (508),roc_auc,0.5717506078490144
kidney-nnpu-long-training__cfg_ea47f92b36b9,nnpu,2,all classes (508),macro_f1,0.052498132846598815
kidney-nnpu-long-training__cfg_ea47f92b36b9,nnpu,2,all classes (508),macro_precision,0.04552339585229427
kidney-nnpu-long-training__cfg_ea47f92b36b9,nnpu,2,all classes (508),macro_recall,0.1016963578415753
kidney-nnpu-long-training__cfg_ea47f92b36b9,nnpu,2,all classes (508),micro_f1,0.15003160443177616
kidney-nnpu-long-training__cfg_ea47f92b36b9,nnpu,2,all classes (508),micro_precision,0.08882131711610787
kidney-nnpu-long-training__cfg_ea47f92b36b9,nnpu,2,all classes (508),micro_recall,0.48263338278172796
kidney-nnpu-long-training__cfg_ea47f92b36b9,nnpu,2,all classes (508),hamming_loss,0.31385527312441647
kidney-nnpu-long-training__cfg_ea47f92b36b9,nnpu,2,all classes (508),hamming_loss_baseline_positive_rate,0.05739341307168819
kidney-nnpu-long-training__cfg_ea47f92b36b9,nnpu,2,train-active ∩ test-active,average_precision,0.47212400741891536
kidney-nnpu-long-training__cfg_ea47f92b36b9,nnpu,2,train-active ∩ test-active,roc_auc,0.6957225001861193
kidney-nnpu-long-training__cfg_ea47f92b36b9,nnpu,2,train-active ∩ test-active,macro_f1,0.23895742028639358
kidney-nnpu-long-training__cfg_ea47f92b36b9,nnpu,2,train-active ∩ test-active,macro_precision,0.27501923307632425
kidney-nnpu-long-training__cfg_ea47f92b36b9,nnpu,2,train-active ∩ test-active,macro_recall,0.3559817390746883
kidney-nnpu-long-training__cfg_ea47f92b36b9,nnpu,2,train-active ∩ test-active,micro_f1,0.44058369427973215
kidney-nnpu-long-training__cfg_ea47f92b36b9,nnpu,2,train-active ∩ test-active,micro_precision,0.475456207526993
kidney-nnpu-long-training__cfg_ea47f92b36b9,nnpu,2,train-active ∩ test-active,micro_recall,0.41047709809994637
kidney-nnpu-long-training__cfg_ea47f92b36b9,nnpu,2,train-active ∩ test-active,hamming_loss,0.28065237785956554
kidney-nnpu-long-training__cfg_ea47f92b36b9,nnpu,2,train-active ∩ test-active,hamming_loss_baseline_positive_rate,0.2692421800453842
kidney-nnpu-long-training__cfg_ea47f92b36b9,nnpu,3,all classes (508),average_precision,0.3301786956532006
kidney-nnpu-long-training__cfg_ea47f92b36b9,nnpu,3,all classes (508),roc_auc,0.5405183799665804
kidney-nnpu-long-training__cfg_ea47f92b36b9,nnpu,3,all classes (508),macro_f1,0.048569735762432155
kidney-nnpu-long-training__cfg_ea47f92b36b9,nnpu,3,all classes (508),macro_precision,0.04721560788449288
kidney-nnpu-long-training__cfg_ea47f92b36b9,nnpu,3,all classes (508),macro_recall,0.09214257942753479
kidney-nnpu-long-training__cfg_ea47f92b36b9,nnpu,3,all classes (508),micro_f1,0.13511958050901648
kidney-nnpu-long-training__cfg_ea47f92b36b9,nnpu,3,all classes (508),micro_precision,0.08007200037894936
kidney-nnpu-long-training__cfg_ea47f92b36b9,nnpu,3,all classes (508),micro_recall,0.43234948079185637
kidney-nnpu-long-training__cfg_ea47f92b36b9,nnpu,3,all classes (508),hamming_loss,0.317661634577557
kidney-nnpu-long-training__cfg_ea47f92b36b9,nnpu,3,all classes (508),hamming_loss_baseline_positive_rate,0.05739341307168819
kidney-nnpu-long-training__cfg_ea47f92b36b9,nnpu,3,train-active ∩ test-active,average_precision,0.40404804961887625
kidney-nnpu-long-training__cfg_ea47f92b36b9,nnpu,3,train-active ∩ test-active,roc_auc,0.6345840048118498
kidney-nnpu-long-training__cfg_ea47f92b36b9,nnpu,3,train-active ∩ test-active,macro_f1,0.1775172904004086
kidney-nnpu-long-training__cfg_ea47f92b36b9,nnpu,3,train-active ∩ test-active,macro_precision,0.21184034668799379
kidney-nnpu-long-training__cfg_ea47f92b36b9,nnpu,3,train-active ∩ test-active,macro_recall,0.2926329170745123
kidney-nnpu-long-training__cfg_ea47f92b36b9,nnpu,3,train-active ∩ test-active,micro_f1,0.3826789336424225
kidney-nnpu-long-training__cfg_ea47f92b36b9,nnpu,3,train-active ∩ test-active,micro_precision,0.48826139199556334
kidney-nnpu-long-training__cfg_ea47f92b36b9,nnpu,3,train-active ∩ test-active,micro_recall,0.3146405384477932
kidney-nnpu-long-training__cfg_ea47f92b36b9,nnpu,3,train-active ∩ test-active,hamming_loss,0.273315532462534
kidney-nnpu-long-training__cfg_ea47f92b36b9,nnpu,3,train-active ∩ test-active,hamming_loss_baseline_positive_rate,0.2692421800453842
kidney-nnpu-long-training__cfg_ea47f92b36b9,nnpu,4,all classes (508),average_precision,0.34327229122511793
kidney-nnpu-long-training__cfg_ea47f92b36b9,nnpu,4,all classes (508),roc_auc,0.5617956650605589
kidney-nnpu-long-training__cfg_ea47f92b36b9,nnpu,4,all classes (508),macro_f1,0.05153691142988848
kidney-nnpu-long-training__cfg_ea47f92b36b9,nnpu,4,all classes (508),macro_precision,0.045704482713722246
kidney-nnpu-long-training__cfg_ea47f92b36b9,nnpu,4,all classes (508),macro_recall,0.10478775387081674
kidney-nnpu-long-training__cfg_ea47f92b36b9,nnpu,4,all classes (508),micro_f1,0.1353647839043418
kidney-nnpu-long-training__cfg_ea47f92b36b9,nnpu,4,all classes (508),micro_precision,0.07924813629350773
kidney-nnpu-long-training__cfg_ea47f92b36b9,nnpu,4,all classes (508),micro_recall,0.4637577369686429
kidney-nnpu-long-training__cfg_ea47f92b36b9,nnpu,4,all classes (508),hamming_loss,0.34002468091935933
kidney-nnpu-long-training__cfg_ea47f92b36b9,nnpu,4,all classes (508),hamming_loss_baseline_positive_rate,0.05739341307168819
kidney-nnpu-long-training__cfg_ea47f92b36b9,nnpu,4,train-active ∩ test-active,average_precision,0.41440983869238823
kidney-nnpu-long-training__cfg_ea47f92b36b9,nnpu,4,train-active ∩ test-active,roc_auc,0.6535419556426207
kidney-nnpu-long-training__cfg_ea47f92b36b9,nnpu,4,train-active ∩ test-active,macro_f1,0.19334292566064354
kidney-nnpu-long-training__cfg_ea47f92b36b9,nnpu,4,train-active ∩ test-active,macro_precision,0.2178706738109365
kidney-nnpu-long-training__cfg_ea47f92b36b9,nnpu,4,train-active ∩ test-active,macro_recall,0.30550896437755576
kidney-nnpu-long-training__cfg_ea47f92b36b9,nnpu,4,train-active ∩ test-active,micro_f1,0.37668434027895037
kidney-nnpu-long-training__cfg_ea47f92b36b9,nnpu,4,train-active ∩ test-active,micro_precision,0.4349555451567618
kidney-nnpu-long-training__cfg_ea47f92b36b9,nnpu,4,train-active ∩ test-active,micro_recall,0.33218178569301327
kidney-nnpu-long-training__cfg_ea47f92b36b9,nnpu,4,train-active ∩ test-active,hamming_loss,0.2959915967060371
kidney-nnpu-long-training__cfg_ea47f92b36b9,nnpu,4,train-active ∩ test-active,hamming_loss_baseline_positive_rate,0.2692421800453842
